-- phpMyAdmin SQL Dump
-- version 5.2.2
-- https://www.phpmyadmin.net/
--
-- Servidor: 127.0.0.1
-- Tiempo de generaci贸n: 26-11-2025 a las 09:07:11
-- Versi贸n del servidor: 10.4.32-MariaDB
-- Versi贸n de PHP: 8.1.25

SET SQL_MODE = "NO_AUTO_VALUE_ON_ZERO";
START TRANSACTION;
SET time_zone = "+00:00";


/*!40101 SET @OLD_CHARACTER_SET_CLIENT=@@CHARACTER_SET_CLIENT */;
/*!40101 SET @OLD_CHARACTER_SET_RESULTS=@@CHARACTER_SET_RESULTS */;
/*!40101 SET @OLD_COLLATION_CONNECTION=@@COLLATION_CONNECTION */;
/*!40101 SET NAMES utf8mb4 */;

--
-- Base de datos: `appactivofijo`
--

-- --------------------------------------------------------

--
-- Estructura de tabla para la tabla `activofijo`
--

CREATE TABLE `activofijo` (
  `id_af` varchar(30) NOT NULL,
  `id_clase` varchar(30) DEFAULT NULL,
  `id_ubic` varchar(30) NOT NULL,
  `code_activof` varchar(10) DEFAULT NULL,
  `descrip` varchar(160) NOT NULL,
  `fecha_compra` datetime NOT NULL,
  `distribuidor` varchar(40) NOT NULL,
  `rif` varchar(15) NOT NULL,
  `nrofact` varchar(20) NOT NULL,
  `costo` decimal(12,2) NOT NULL,
  `impuesto` decimal(10,2) NOT NULL,
  `costo_total` decimal(12,2) NOT NULL,
  `costo_flete` decimal(12,2) NOT NULL,
  `edo_fisico` varchar(40) NOT NULL,
  `num_serie` varchar(30) NOT NULL,
  `valors` decimal(12,2) NOT NULL,
  `dep_acum` decimal(12,2) NOT NULL,
  `valor_venta` decimal(12,2) NOT NULL,
  `tiempo_vu` int(5) NOT NULL,
  `tip_unid` varchar(10) NOT NULL,
  `estatus` varchar(15) NOT NULL,
  `marca` tinyint(1) NOT NULL DEFAULT 0
) ENGINE=InnoDB DEFAULT CHARSET=utf8mb4 COLLATE=utf8mb4_general_ci;

--
-- Volcado de datos para la tabla `activofijo`
--

INSERT INTO `activofijo` (`id_af`, `id_clase`, `id_ubic`, `code_activof`, `descrip`, `fecha_compra`, `distribuidor`, `rif`, `nrofact`, `costo`, `impuesto`, `costo_total`, `costo_flete`, `edo_fisico`, `num_serie`, `valors`, `dep_acum`, `valor_venta`, `tiempo_vu`, `tip_unid`, `estatus`, `marca`) VALUES
('ACTF100001', 'CLA1003', 'UB10001', '6445213451', 'Lector de C贸digo de Barra pdf 128', '2005-04-02 00:00:00', 'INVERSIONES TERABYTE, C.A.', 'J-31111240-5', '002258', 643000.00, 83869.57, 726869.57, 0.00, 'Nuevo', '457852565', 0.00, 0.00, 0.00, 0, '', 'activo', 1),
('ACTF100002', 'CLA1001', 'UB10001', '4208100251', 'Escritorio de Marron', '2005-04-18 00:00:00', 'Oficinas el Paramo, C.A.', 'J-8750000352-0', '890600', 850000.00, 110500.00, 960500.00, 0.00, 'Nuevo', '890600', 0.00, 0.00, 0.00, 0, '', 'activo', 1),
('ACTF100003', 'CLA1001', 'UB10001', '9554887588', 'Silla de Oficina', '2005-04-18 00:00:00', 'Oficinas el Paramo, C.A.', 'J-869055050-0', '5642520', 350000.00, 45500.00, 395500.00, 0.00, 'Nuevo', '5642520', 0.00, 0.00, 0.00, 0, '', 'activo', 1),
('ACTF100004', 'CLA1002', 'UB10001', '3302492984', 'Ups 500 VA', '2008-04-17 00:00:00', 'Representaciones City Cell J.D. C.A.', 'J-30934209-6', '02220', 206.42, 18.58, 225.00, 0.00, 'Nuevo', '02220', 0.00, 0.00, 0.00, 0, '', 'finiquito', 1),
('ACTF100005', 'CLA1002', 'UB10001', '5102548250', 'Monitor Dell CRT 17 pulgadas', '2006-04-11 00:00:00', 'LA CASA DE PARTES Y PIEZAS, C.A', 'J-31232593-3', '003441', 276315.79, 38684.21, 315000.00, 58000.00, 'Nuevo', '78955521552', 0.00, 0.00, 0.00, 0, '', 'activo', 1),
('ACTF100006', 'CLA1002', 'UB10001', '1721957013', 'Computador Celeron 2.26Ghz 256MB Ram HD 40Gb', '2005-06-15 00:00:00', 'Suministro Gianjo, C.A.', 'J-30074502-3', '3358', 1079130.44, 161869.57, 162948.57, 150000.00, 'Nuevo', '895-3358', 0.00, 0.00, 0.00, 0, '', 'activo', 1),
('ACTF100007', 'CLA1002', 'UB10002', '8068034630', 'Computador Celeron 2.26Ghz Ram 256MB HD 80Gb', '2005-06-25 00:00:00', 'Suministro Gianjo, C.A.', 'J-30074502-3', '565822', 1210158.44, 157320.52, 158530.52, 58000.00, 'Nuevo', '856-56822-252', 0.00, 0.00, 0.00, 0, '', 'activo', 1),
('ACTF100008', 'CLA1002', 'UB10001', '5981052737', 'Impresora Epson Stylu 990', '2005-05-16 00:00:00', 'Computer Center , C.A.', 'J-850505050-0', '8524212', 158000.00, 26000.00, 184000.00, 0.00, 'Nuevo', '85050505050', 0.00, 0.00, 0.00, 0, '', 'activo', 1);

--
-- Disparadores `activofijo`
--
DELIMITER $$
CREATE TRIGGER `trg_activf` BEFORE INSERT ON `activofijo` FOR EACH ROW BEGIN
  DECLARE next_id INT;

  SET next_id = IFNULL((select (cast(max(substr(id_af,5,20)) as UNSIGNED)) as  ultimo from activofijo),100000);
  SET next_id = next_id + 1;
  SET NEW.id_af = CONCAT('ACTF', LPAD(next_id, 6, '0'));
  
END
$$
DELIMITER ;

-- --------------------------------------------------------

--
-- Estructura de tabla para la tabla `amortizaciones`
--

CREATE TABLE `amortizaciones` (
  `id_amortiz` varchar(30) NOT NULL,
  `id_af` varchar(30) DEFAULT NULL,
  `mes` char(2) NOT NULL,
  `anio` char(4) NOT NULL,
  `periodo` int(4) NOT NULL DEFAULT 0,
  `costo_hist` decimal(14,2) DEFAULT NULL,
  `residual` decimal(12,2) NOT NULL,
  `factor_correc` decimal(25,6) NOT NULL,
  `revalorizado` decimal(12,2) NOT NULL,
  `amortiz_calc` decimal(12,2) NOT NULL,
  `amortiz_acum` decimal(12,2) NOT NULL,
  `costo_activo` decimal(12,2) NOT NULL,
  `factor_original` decimal(30,6) NOT NULL,
  `relacion_porc` decimal(8,2) NOT NULL,
  `reconversion` decimal(30,0) NOT NULL
) ENGINE=InnoDB DEFAULT CHARSET=utf8mb4 COLLATE=utf8mb4_general_ci;

--
-- Volcado de datos para la tabla `amortizaciones`
--

INSERT INTO `amortizaciones` (`id_amortiz`, `id_af`, `mes`, `anio`, `periodo`, `costo_hist`, `residual`, `factor_correc`, `revalorizado`, `amortiz_calc`, `amortiz_acum`, `costo_activo`, `factor_original`, `relacion_porc`, `reconversion`) VALUES
('AMT10000001', 'ACTF100001', '04', '2005', 0, 0.00, 0.00, 0.000000, 0.00, 0.00, 0.00, 643000.00, 0.000000, 100.00, 0),
('AMT10000002', 'ACTF100001', '04', '2005', 1, 643000.00, 593000.00, 1.000000, 593000.00, 16472.22, 16472.22, 626528.00, 1.000000, 97.22, 0),
('AMT10000003', 'ACTF100001', '05', '2005', 1, 659300.05, 593000.00, 1.025350, 608032.55, 16889.79, 33779.59, 625520.00, 1.025350, 94.44, 0),
('AMT10000004', 'ACTF100001', '06', '2005', 1, 663038.45, 593000.00, 1.031164, 611480.25, 16985.56, 50956.69, 612082.00, 1.031164, 91.67, 0),
('AMT10000005', 'ACTF100001', '07', '2005', 1, 668780.44, 593000.00, 1.040094, 616775.74, 17132.66, 68530.64, 600250.00, 1.040094, 88.89, 0),
('AMT10000006', 'ACTF100001', '08', '2005', 1, 675193.72, 593000.00, 1.050068, 622690.32, 17296.95, 86484.77, 588709.00, 1.050068, 86.11, 0),
('AMT10000007', 'ACTF100001', '09', '2005', 1, 685213.59, 593000.00, 1.065651, 631931.04, 17553.64, 105321.84, 579892.00, 1.065651, 83.33, 0),
('AMT10000008', 'ACTF100001', '10', '2005', 1, 689489.54, 593000.00, 1.072301, 635874.49, 17663.18, 123642.26, 565847.00, 1.072301, 80.56, 0),
('AMT10000009', 'ACTF100001', '11', '2005', 1, 696839.68, 593000.00, 1.083732, 642653.08, 17851.47, 142811.80, 554028.00, 1.083732, 77.78, 0),
('AMT10000010', 'ACTF100001', '12', '2005', 1, 702316.75, 593000.00, 1.092250, 647704.25, 17991.78, 161926.06, 540391.00, 1.092250, 75.00, 0),
('AMT10000011', 'ACTF100001', '01', '2006', 1, 705246.90, 593000.00, 1.096807, 650406.55, 18066.85, 180668.49, 524578.00, 1.096807, 72.22, 0),
('AMT10000012', 'ACTF100001', '02', '2006', 1, 707787.39, 593000.00, 1.100758, 652749.49, 18131.93, 199451.23, 508336.00, 1.100758, 69.44, 0),
('AMT10000013', 'ACTF100001', '03', '2006', 1, 711657.61, 593000.00, 1.106777, 656318.76, 18231.08, 218772.92, 492885.00, 1.106777, 66.67, 0),
('AMT10000014', 'ACTF100001', '04', '2006', 2, 716069.88, 593000.00, 1.113639, 660387.93, 14675.29, 234804.60, 481265.00, 1.113639, 64.44, 0),
('AMT10000015', 'ACTF100001', '05', '2006', 2, 727691.46, 593000.00, 1.131713, 671105.81, 14913.46, 253528.86, 474163.00, 1.131713, 62.22, 0),
('AMT10000016', 'ACTF100001', '06', '2006', 2, 741182.89, 593000.00, 1.152695, 683548.14, 15189.96, 273419.26, 467764.00, 1.152695, 60.00, 0),
('AMT10000017', 'ACTF100001', '07', '2006', 2, 758948.98, 593000.00, 1.180325, 699932.73, 15554.06, 295527.15, 463422.00, 1.180325, 57.78, 0),
('AMT10000018', 'ACTF100001', '08', '2006', 2, 775645.76, 593000.00, 1.206292, 715331.16, 15896.25, 317924.96, 457721.00, 1.206292, 55.56, 0),
('AMT10000019', 'ACTF100001', '09', '2006', 2, 790344.09, 593000.00, 1.229151, 728886.54, 16197.48, 340147.05, 450197.00, 1.229151, 53.33, 0),
('AMT10000020', 'ACTF100001', '10', '2006', 2, 796224.33, 593000.00, 1.238296, 734309.53, 16317.99, 358995.77, 437229.00, 1.238296, 51.11, 0),
('AMT10000021', 'ACTF100001', '11', '2006', 2, 806647.36, 593000.00, 1.254506, 743922.06, 16531.60, 380226.83, 426421.00, 1.254506, 48.89, 0),
('AMT10000022', 'ACTF100001', '12', '2006', 2, 821473.01, 593000.00, 1.277563, 757594.86, 16835.44, 404050.59, 417422.00, 1.277563, 46.67, 0),
('AMT10000023', 'ACTF100001', '01', '2007', 2, 837902.95, 593000.00, 1.303115, 772747.20, 17172.16, 429304.00, 408599.00, 1.303115, 44.44, 0),
('AMT10000024', 'ACTF100001', '02', '2007', 2, 843113.17, 593000.00, 1.311218, 777552.27, 17278.94, 449252.42, 393861.00, 1.311218, 42.22, 0),
('AMT10000025', 'ACTF100001', '03', '2007', 2, 849390.14, 593000.00, 1.320980, 783341.14, 17407.58, 470004.68, 379385.00, 1.320980, 40.00, 0),
('AMT10000026', 'ACTF100001', '04', '2007', 3, 855000.96, 593000.00, 1.329706, 788515.66, 13141.93, 486251.32, 368750.00, 1.329706, 38.33, 0),
('AMT10000027', 'ACTF100001', '05', '2007', 3, 869827.25, 593000.00, 1.352764, 802189.05, 13369.82, 508053.07, 361774.00, 1.352764, 36.67, 0),
('AMT10000028', 'ACTF100001', '06', '2007', 3, 885187.88, 593000.00, 1.376653, 816355.23, 13605.92, 530630.90, 354557.00, 1.376653, 35.00, 0),
('AMT10000029', 'ACTF100001', '07', '2007', 3, 889596.29, 593000.00, 1.383509, 820420.84, 13673.68, 546947.23, 342649.00, 1.383509, 33.33, 0),
('AMT10000030', 'ACTF100001', '08', '2007', 3, 899079.25, 593000.00, 1.398257, 829166.40, 13819.44, 566597.04, 332482.00, 1.398257, 31.67, 0),
('AMT10000031', 'ACTF100001', '09', '2007', 3, 910965.11, 593000.00, 1.416742, 840128.01, 14002.13, 588089.61, 322876.00, 1.416742, 30.00, 0),
('AMT10000032', 'ACTF100001', '10', '2007', 3, 933274.63, 593000.00, 1.451438, 860702.73, 14345.05, 616836.96, 316438.00, 1.451438, 28.33, 0),
('AMT10000033', 'ACTF100001', '11', '2007', 3, 973891.02, 593000.00, 1.514605, 898160.77, 14969.35, 658651.23, 315240.00, 1.514605, 26.67, 0),
('AMT10000034', 'ACTF100001', '12', '2007', 3, 1005951.64, 593000.00, 1.564466, 927728.34, 15462.14, 695796.26, 310155.00, 1.564466, 25.00, 0),
('AMT10000035', 'ACTF100001', '01', '2008', 3, 1037.16, 593000.00, 0.001613, 956.51, 15.94, 733.32, 304.00, 1.612964, 23.33, 1000),
('AMT10000036', 'ACTF100001', '02', '2008', 3, 1059.02, 593000.00, 0.001647, 976.67, 16.28, 765.06, 294.00, 1.647382, 21.67, 1000),
('AMT10000037', 'ACTF100001', '03', '2008', 3, 1077.67, 593000.00, 0.001676, 993.87, 16.56, 795.10, 283.00, 1.675543, 20.00, 1000),
('AMT10000038', 'ACTF100001', '04', '2008', 4, 1095.67, 593000.00, 0.001704, 1010.47, 11.23, 819.60, 276.00, 1.703703, 18.89, 1000),
('AMT10000039', 'ACTF100001', '05', '2008', 4, 1130.39, 593000.00, 0.001758, 1042.49, 11.58, 857.16, 273.00, 1.758459, 17.78, 1000),
('AMT10000040', 'ACTF100001', '06', '2008', 4, 1158.04, 593000.00, 0.001801, 1067.99, 11.87, 889.99, 268.00, 1.800700, 16.67, 1000),
('AMT10000041', 'ACTF100001', '07', '2008', 4, 1179.91, 593000.00, 0.001835, 1088.16, 12.09, 918.89, 261.00, 1.835118, 15.56, 1000),
('AMT10000042', 'ACTF100001', '08', '2008', 4, 1201.12, 593000.00, 0.001868, 1107.72, 12.31, 947.72, 253.00, 1.867972, 14.44, 1000),
('AMT10000043', 'ACTF100001', '09', '2008', 4, 1225.56, 593000.00, 0.001906, 1130.26, 12.56, 979.56, 246.00, 1.905519, 13.33, 1000),
('AMT10000044', 'ACTF100001', '10', '2008', 4, 1254.49, 593000.00, 0.001951, 1156.94, 12.85, 1015.54, 239.00, 1.950889, 12.22, 1000),
('AMT10000045', 'ACTF100001', '11', '2008', 4, 1283.43, 593000.00, 0.001996, 1183.63, 13.15, 1052.12, 231.00, 1.996258, 11.11, 1000),
('AMT10000046', 'ACTF100001', '12', '2008', 4, 1316.86, 593000.00, 0.002048, 1214.46, 13.49, 1093.01, 224.00, 2.047886, 10.00, 1000),
('AMT10000047', 'ACTF100001', '01', '2009', 4, 1347.09, 593000.00, 0.002095, 1242.34, 13.80, 1131.91, 215.00, 2.094820, 8.89, 1000),
('AMT10000048', 'ACTF100001', '02', '2009', 4, 1363.80, 593000.00, 0.002121, 1257.75, 13.98, 1159.93, 204.00, 2.121415, 7.78, 1000),
('AMT10000049', 'ACTF100001', '03', '2009', 4, 1379.88, 593000.00, 0.002146, 1272.58, 14.14, 1187.74, 192.00, 2.146447, 6.67, 1000),
('AMT10000050', 'ACTF100001', '04', '2009', 5, 1405.60, 593000.00, 0.002186, 1296.30, 7.20, 1217.08, 189.00, 2.185559, 6.11, 1000),
('AMT10000051', 'ACTF100001', '05', '2009', 5, 1433.25, 593000.00, 0.002229, 1321.80, 7.34, 1248.37, 185.00, 2.229364, 5.56, 1000),
('AMT10000052', 'ACTF100001', '06', '2009', 5, 1458.32, 593000.00, 0.002268, 1344.92, 7.47, 1277.67, 181.00, 2.268475, 5.00, 1000),
('AMT10000053', 'ACTF100001', '07', '2009', 5, 1488.55, 593000.00, 0.002315, 1372.80, 7.63, 1311.79, 177.00, 2.315409, 4.44, 1000),
('AMT10000054', 'ACTF100001', '08', '2009', 5, 1521.98, 593000.00, 0.002367, 1403.63, 7.80, 1349.04, 173.00, 2.367037, 3.89, 1000),
('AMT10000055', 'ACTF100001', '09', '2009', 5, 1559.92, 593000.00, 0.002426, 1438.62, 7.99, 1390.67, 169.00, 2.426486, 3.33, 1000),
('AMT10000056', 'ACTF100001', '10', '2009', 5, 1589.50, 593000.00, 0.002472, 1465.90, 8.14, 1425.18, 164.00, 2.471856, 2.78, 1000),
('AMT10000057', 'ACTF100001', '11', '2009', 5, 1619.72, 593000.00, 0.002519, 1493.77, 8.30, 1460.58, 159.00, 2.518790, 2.22, 1000),
('AMT10000058', 'ACTF100001', '12', '2009', 5, 1646.72, 593000.00, 0.002561, 1518.67, 8.44, 1493.36, 153.00, 2.561030, 1.67, 1000),
('AMT10000059', 'ACTF100001', '01', '2010', 5, 1675.02, 593000.00, 0.002605, 1544.77, 8.58, 1527.61, 147.00, 2.604835, 1.11, 1000),
('AMT10000060', 'ACTF100001', '02', '2010', 5, 1701.38, 593000.00, 0.002646, 1569.08, 8.72, 1560.36, 141.00, 2.645511, 0.56, 1000),
('AMT10000061', 'ACTF100001', '03', '2010', 5, 1742.53, 593000.00, 0.002710, 1607.03, 8.93, 1607.03, 136.00, 2.709655, 0.00, 1000),
('AMT10000062', 'ACTF100002', '04', '2005', 0, 0.00, 0.00, 0.000000, 0.00, 0.00, 0.00, 850000.00, 0.000000, 100.00, 0),
('AMT10000063', 'ACTF100002', '04', '2005', 1, 850000.00, 850000.00, 1.000000, 850000.00, 3373.02, 3373.02, 846627.00, 1.000000, 99.60, 0),
('AMT10000064', 'ACTF100002', '05', '2005', 1, 871547.50, 850000.00, 1.025350, 871547.50, 3458.52, 6917.04, 864630.00, 1.025350, 99.21, 0),
('AMT10000065', 'ACTF100002', '06', '2005', 1, 876489.40, 850000.00, 1.031164, 876489.40, 3478.13, 10434.40, 866055.00, 1.031164, 98.81, 0),
('AMT10000066', 'ACTF100002', '07', '2005', 1, 884079.90, 850000.00, 1.040094, 884079.90, 3508.25, 14033.01, 870047.00, 1.040094, 98.41, 0),
('AMT10000067', 'ACTF100002', '08', '2005', 1, 892557.80, 850000.00, 1.050068, 892557.80, 3541.90, 17709.48, 874848.00, 1.050068, 98.02, 0),
('AMT10000068', 'ACTF100002', '09', '2005', 1, 905803.35, 850000.00, 1.065651, 905803.35, 3594.46, 21566.75, 884237.00, 1.065651, 97.62, 0),
('AMT10000069', 'ACTF100002', '10', '2005', 1, 911455.85, 850000.00, 1.072301, 911455.85, 3616.89, 25318.22, 886138.00, 1.072301, 97.22, 0),
('AMT10000070', 'ACTF100002', '11', '2005', 1, 921172.20, 850000.00, 1.083732, 921172.20, 3655.45, 29243.56, 891929.00, 1.083732, 96.83, 0),
('AMT10000071', 'ACTF100002', '12', '2005', 1, 928412.50, 850000.00, 1.092250, 928412.50, 3684.18, 33157.59, 895255.00, 1.092250, 96.43, 0),
('AMT10000072', 'ACTF100002', '01', '2006', 1, 932285.95, 850000.00, 1.096807, 932285.95, 3699.55, 36995.47, 895290.00, 1.096807, 96.03, 0),
('AMT10000073', 'ACTF100002', '02', '2006', 1, 935644.30, 850000.00, 1.100758, 935644.30, 3712.87, 40841.62, 894803.00, 1.100758, 95.63, 0),
('AMT10000074', 'ACTF100002', '03', '2006', 1, 940760.45, 850000.00, 1.106777, 940760.45, 3733.18, 44798.12, 895962.00, 1.106777, 95.24, 0),
('AMT10000075', 'ACTF100002', '04', '2006', 2, 946593.15, 850000.00, 1.113639, 946593.15, 7512.64, 52588.51, 894005.00, 1.113639, 94.44, 0),
('AMT10000076', 'ACTF100002', '05', '2006', 2, 961956.05, 850000.00, 1.131713, 961956.05, 7634.57, 61076.57, 900879.00, 1.131713, 93.65, 0),
('AMT10000077', 'ACTF100002', '06', '2006', 2, 979790.75, 850000.00, 1.152695, 979790.75, 7776.12, 69985.05, 909806.00, 1.152695, 92.86, 0),
('AMT10000078', 'ACTF100002', '07', '2006', 2, 1003276.25, 850000.00, 1.180325, 1003276.25, 7962.51, 79625.10, 923651.00, 1.180325, 92.06, 0),
('AMT10000079', 'ACTF100002', '08', '2006', 2, 1025348.20, 850000.00, 1.206292, 1025348.20, 8137.68, 89514.53, 935834.00, 1.206292, 91.27, 0),
('AMT10000080', 'ACTF100002', '09', '2006', 2, 1044778.35, 850000.00, 1.229151, 1044778.35, 8291.89, 99502.70, 945276.00, 1.229151, 90.48, 0),
('AMT10000081', 'ACTF100002', '10', '2006', 2, 1052551.60, 850000.00, 1.238296, 1052551.60, 8353.58, 108596.59, 943955.00, 1.238296, 89.68, 0),
('AMT10000082', 'ACTF100002', '11', '2006', 2, 1066330.10, 850000.00, 1.254506, 1066330.10, 8462.94, 118481.12, 947849.00, 1.254506, 88.89, 0),
('AMT10000083', 'ACTF100002', '12', '2006', 2, 1085928.55, 850000.00, 1.277563, 1085928.55, 8618.48, 129277.21, 956651.00, 1.277563, 88.10, 0),
('AMT10000084', 'ACTF100002', '01', '2007', 2, 1107647.75, 850000.00, 1.303115, 1107647.75, 8790.86, 140653.68, 966994.00, 1.303115, 87.30, 0),
('AMT10000085', 'ACTF100002', '02', '2007', 2, 1114535.30, 850000.00, 1.311218, 1114535.30, 8845.52, 150373.81, 964161.00, 1.311218, 86.51, 0),
('AMT10000086', 'ACTF100002', '03', '2007', 2, 1122833.00, 850000.00, 1.320980, 1122833.00, 8911.37, 160404.71, 962428.00, 1.320980, 85.71, 0),
('AMT10000087', 'ACTF100002', '04', '2007', 3, 1130250.10, 850000.00, 1.329706, 1130250.10, 13455.36, 174919.66, 955330.00, 1.329706, 84.52, 0),
('AMT10000088', 'ACTF100002', '05', '2007', 3, 1149849.40, 850000.00, 1.352764, 1149849.40, 13688.68, 191641.57, 958208.00, 1.352764, 83.33, 0),
('AMT10000089', 'ACTF100002', '06', '2007', 3, 1170155.05, 850000.00, 1.376653, 1170155.05, 13930.42, 208956.26, 961199.00, 1.376653, 82.14, 0),
('AMT10000090', 'ACTF100002', '07', '2007', 3, 1175982.65, 850000.00, 1.383509, 1175982.65, 13999.79, 223996.70, 951986.00, 1.383509, 80.95, 0),
('AMT10000091', 'ACTF100002', '08', '2007', 3, 1188518.45, 850000.00, 1.398257, 1188518.45, 14149.03, 240533.50, 947985.00, 1.398257, 79.76, 0),
('AMT10000092', 'ACTF100002', '09', '2007', 3, 1204230.70, 850000.00, 1.416742, 1204230.70, 14336.08, 258049.44, 946181.00, 1.416742, 78.57, 0),
('AMT10000093', 'ACTF100002', '10', '2007', 3, 1233722.30, 850000.00, 1.451438, 1233722.30, 14687.17, 279056.23, 954666.00, 1.451438, 77.38, 0),
('AMT10000094', 'ACTF100002', '11', '2007', 3, 1287414.25, 850000.00, 1.514605, 1287414.25, 15326.36, 306527.20, 980887.00, 1.514605, 76.19, 0),
('AMT10000095', 'ACTF100002', '12', '2007', 3, 1329796.10, 850000.00, 1.564466, 1329796.10, 15830.91, 332449.03, 997347.00, 1.564466, 75.00, 0),
('AMT10000096', 'ACTF100002', '01', '2008', 3, 1371.05, 850000.00, 0.001613, 1371.05, 16.32, 359.08, 1012.00, 1.612964, 73.81, 1000),
('AMT10000097', 'ACTF100002', '02', '2008', 3, 1399.95, 850000.00, 0.001647, 1399.95, 16.67, 383.32, 1017.00, 1.647382, 72.62, 1000),
('AMT10000098', 'ACTF100002', '03', '2008', 3, 1424.60, 850000.00, 0.001676, 1424.60, 16.96, 407.03, 1018.00, 1.675543, 71.43, 1000),
('AMT10000099', 'ACTF100002', '04', '2008', 4, 1448.40, 850000.00, 0.001704, 1448.40, 22.99, 436.82, 1012.00, 1.703703, 69.84, 1000),
('AMT10000100', 'ACTF100002', '05', '2008', 4, 1494.30, 850000.00, 0.001758, 1494.30, 23.72, 474.38, 1020.00, 1.758459, 68.25, 1000),
('AMT10000101', 'ACTF100002', '06', '2008', 4, 1530.85, 850000.00, 0.001801, 1530.85, 24.30, 510.28, 1021.00, 1.800700, 66.67, 1000),
('AMT10000102', 'ACTF100002', '07', '2008', 4, 1559.75, 850000.00, 0.001835, 1559.75, 24.76, 544.67, 1015.00, 1.835118, 65.08, 1000),
('AMT10000103', 'ACTF100002', '08', '2008', 4, 1587.80, 850000.00, 0.001868, 1587.80, 25.20, 579.67, 1008.00, 1.867972, 63.49, 1000),
('AMT10000104', 'ACTF100002', '09', '2008', 4, 1620.10, 850000.00, 0.001906, 1620.10, 25.72, 617.18, 1003.00, 1.905519, 61.90, 1000),
('AMT10000105', 'ACTF100002', '10', '2008', 4, 1658.35, 850000.00, 0.001951, 1658.35, 26.32, 658.08, 1000.00, 1.950889, 60.32, 1000),
('AMT10000106', 'ACTF100002', '11', '2008', 4, 1696.60, 850000.00, 0.001996, 1696.60, 26.93, 700.18, 996.00, 1.996258, 58.73, 1000),
('AMT10000107', 'ACTF100002', '12', '2008', 4, 1740.80, 850000.00, 0.002048, 1740.80, 27.63, 746.06, 995.00, 2.047886, 57.14, 1000),
('AMT10000108', 'ACTF100002', '01', '2009', 4, 1780.75, 850000.00, 0.002095, 1780.75, 28.27, 791.44, 989.00, 2.094820, 55.56, 1000),
('AMT10000109', 'ACTF100002', '02', '2009', 4, 1802.85, 850000.00, 0.002121, 1802.85, 28.62, 829.88, 973.00, 2.121415, 53.97, 1000),
('AMT10000110', 'ACTF100002', '03', '2009', 4, 1824.10, 850000.00, 0.002146, 1824.10, 28.95, 868.62, 955.00, 2.146447, 52.38, 1000),
('AMT10000111', 'ACTF100002', '04', '2009', 5, 1858.10, 850000.00, 0.002186, 1858.10, 36.87, 921.68, 936.00, 2.185559, 50.40, 1000),
('AMT10000112', 'ACTF100002', '05', '2009', 5, 1894.65, 850000.00, 0.002229, 1894.65, 37.59, 977.40, 917.00, 2.229364, 48.41, 1000),
('AMT10000113', 'ACTF100002', '06', '2009', 5, 1927.80, 850000.00, 0.002268, 1927.80, 38.25, 1032.75, 895.00, 2.268475, 46.43, 1000),
('AMT10000114', 'ACTF100002', '07', '2009', 5, 1967.75, 850000.00, 0.002315, 1967.75, 39.04, 1093.19, 875.00, 2.315409, 44.44, 1000),
('AMT10000115', 'ACTF100002', '08', '2009', 5, 2011.95, 850000.00, 0.002367, 2011.95, 39.92, 1157.67, 854.00, 2.367037, 42.46, 1000),
('AMT10000116', 'ACTF100002', '09', '2009', 5, 2062.10, 850000.00, 0.002426, 2062.10, 40.91, 1227.44, 835.00, 2.426486, 40.48, 1000),
('AMT10000117', 'ACTF100002', '10', '2009', 5, 2101.20, 850000.00, 0.002472, 2101.20, 41.69, 1292.40, 809.00, 2.471856, 38.49, 1000),
('AMT10000118', 'ACTF100002', '11', '2009', 5, 2141.15, 850000.00, 0.002519, 2141.15, 42.48, 1359.46, 782.00, 2.518790, 36.51, 1000),
('AMT10000119', 'ACTF100002', '12', '2009', 5, 2176.85, 850000.00, 0.002561, 2176.85, 43.19, 1425.32, 752.00, 2.561030, 34.52, 1000),
('AMT10000120', 'ACTF100002', '01', '2010', 5, 2214.25, 850000.00, 0.002605, 2214.25, 43.93, 1493.74, 721.00, 2.604835, 32.54, 1000),
('AMT10000121', 'ACTF100002', '02', '2010', 5, 2249.10, 850000.00, 0.002646, 2249.10, 44.63, 1561.88, 687.00, 2.645511, 30.56, 1000),
('AMT10000122', 'ACTF100002', '03', '2010', 5, 2303.50, 850000.00, 0.002710, 2303.50, 45.70, 1645.36, 658.00, 2.709655, 28.57, 1000),
('AMT10000123', 'ACTF100002', '04', '2010', 6, 2422.50, 850000.00, 0.002850, 2422.50, 57.68, 1788.04, 634.00, 2.850456, 26.19, 1000),
('AMT10000124', 'ACTF100002', '05', '2010', 6, 2487.10, 850000.00, 0.002926, 2487.10, 59.22, 1894.93, 592.00, 2.925551, 23.81, 1000),
('AMT10000125', 'ACTF100002', '06', '2010', 6, 2532.15, 850000.00, 0.002979, 2532.15, 60.29, 1989.55, 543.00, 2.978743, 21.43, 1000),
('AMT10000126', 'ACTF100002', '07', '2010', 6, 2567.85, 850000.00, 0.003021, 2567.85, 61.14, 2078.74, 489.00, 3.020983, 19.05, 1000),
('AMT10000127', 'ACTF100002', '08', '2010', 6, 2608.65, 850000.00, 0.003069, 2608.65, 62.11, 2173.88, 435.00, 3.069482, 16.67, 1000),
('AMT10000128', 'ACTF100002', '09', '2010', 6, 2638.40, 850000.00, 0.003104, 2638.40, 62.82, 2261.49, 377.00, 3.103900, 14.29, 1000),
('AMT10000129', 'ACTF100002', '10', '2010', 6, 2678.35, 850000.00, 0.003151, 2678.35, 63.77, 2359.50, 319.00, 3.150834, 11.90, 1000),
('AMT10000130', 'ACTF100002', '11', '2010', 6, 2719.15, 850000.00, 0.003199, 2719.15, 64.74, 2460.18, 259.00, 3.199332, 9.52, 1000),
('AMT10000131', 'ACTF100002', '12', '2010', 6, 2768.45, 850000.00, 0.003257, 2768.45, 65.92, 2570.70, 198.00, 3.257217, 7.14, 1000),
('AMT10000132', 'ACTF100002', '01', '2011', 6, 2844.10, 850000.00, 0.003346, 2844.10, 67.72, 2708.67, 135.00, 3.346392, 4.76, 1000),
('AMT10000133', 'ACTF100002', '02', '2011', 6, 2893.40, 850000.00, 0.003404, 2893.40, 68.89, 2824.51, 69.00, 3.404277, 2.38, 1000),
('AMT10000134', 'ACTF100002', '03', '2011', 6, 2935.05, 850000.00, 0.003453, 2935.05, 69.88, 2935.05, 0.00, 3.452776, 0.00, 1000),
('AMT10000135', 'ACTF100003', '04', '2005', 0, 0.00, 0.00, 0.000000, 0.00, 0.00, 0.00, 350000.00, 0.000000, 100.00, 0),
('AMT10000136', 'ACTF100003', '04', '2005', 1, 350000.00, 350000.00, 1.000000, 350000.00, 5303.03, 5303.03, 344697.00, 1.000000, 98.48, 0),
('AMT10000137', 'ACTF100003', '05', '2005', 1, 358872.50, 350000.00, 1.025350, 358872.50, 5437.46, 10874.92, 347998.00, 1.025350, 96.97, 0),
('AMT10000138', 'ACTF100003', '06', '2005', 1, 360907.40, 350000.00, 1.031164, 360907.40, 5468.29, 16404.88, 344503.00, 1.031164, 95.45, 0),
('AMT10000139', 'ACTF100003', '07', '2005', 1, 364032.90, 350000.00, 1.040094, 364032.90, 5515.65, 22062.60, 341970.00, 1.040094, 93.94, 0),
('AMT10000140', 'ACTF100003', '08', '2005', 1, 367523.80, 350000.00, 1.050068, 367523.80, 5568.54, 27842.71, 339681.00, 1.050068, 92.42, 0),
('AMT10000141', 'ACTF100003', '09', '2005', 1, 372977.85, 350000.00, 1.065651, 372977.85, 5651.18, 33907.08, 339071.00, 1.065651, 90.91, 0),
('AMT10000142', 'ACTF100003', '10', '2005', 1, 375305.35, 350000.00, 1.072301, 375305.35, 5686.44, 39805.11, 335500.00, 1.072301, 89.39, 0),
('AMT10000143', 'ACTF100003', '11', '2005', 1, 379306.20, 350000.00, 1.083732, 379306.20, 5747.06, 45976.51, 333330.00, 1.083732, 87.88, 0),
('AMT10000144', 'ACTF100003', '12', '2005', 1, 382287.50, 350000.00, 1.092250, 382287.50, 5792.23, 52130.11, 330157.00, 1.092250, 86.36, 0),
('AMT10000145', 'ACTF100003', '01', '2006', 1, 383882.45, 350000.00, 1.096807, 383882.45, 5816.40, 58164.01, 325718.00, 1.096807, 84.85, 0),
('AMT10000146', 'ACTF100003', '02', '2006', 1, 385265.30, 350000.00, 1.100758, 385265.30, 5837.35, 64210.88, 321054.00, 1.100758, 83.33, 0),
('AMT10000147', 'ACTF100003', '03', '2006', 1, 387371.95, 350000.00, 1.106777, 387371.95, 5869.27, 70431.26, 316941.00, 1.106777, 81.82, 0),
('AMT10000148', 'ACTF100003', '04', '2006', 2, 389773.65, 350000.00, 1.113639, 389773.65, 5315.10, 76183.03, 313591.00, 1.113639, 80.45, 0),
('AMT10000149', 'ACTF100003', '05', '2006', 2, 396099.55, 350000.00, 1.131713, 396099.55, 5401.36, 82820.82, 313279.00, 1.131713, 79.09, 0),
('AMT10000150', 'ACTF100003', '06', '2006', 2, 403443.25, 350000.00, 1.152695, 403443.25, 5501.50, 89857.81, 313585.00, 1.152695, 77.73, 0),
('AMT10000151', 'ACTF100003', '07', '2006', 2, 413113.75, 350000.00, 1.180325, 413113.75, 5633.37, 97645.07, 315469.00, 1.180325, 76.36, 0),
('AMT10000152', 'ACTF100003', '08', '2006', 2, 422202.20, 350000.00, 1.206292, 422202.20, 5757.30, 105550.55, 316652.00, 1.206292, 75.00, 0),
('AMT10000153', 'ACTF100003', '09', '2006', 2, 430202.85, 350000.00, 1.229151, 430202.85, 5866.40, 113417.12, 316786.00, 1.229151, 73.64, 0),
('AMT10000154', 'ACTF100003', '10', '2006', 2, 433403.60, 350000.00, 1.238296, 433403.60, 5910.05, 120171.00, 313233.00, 1.238296, 72.27, 0),
('AMT10000155', 'ACTF100003', '11', '2006', 2, 439077.10, 350000.00, 1.254506, 439077.10, 5987.42, 127731.52, 311346.00, 1.254506, 70.91, 0),
('AMT10000156', 'ACTF100003', '12', '2006', 2, 447147.05, 350000.00, 1.277563, 447147.05, 6097.46, 136176.60, 310970.00, 1.277563, 69.55, 0),
('AMT10000157', 'ACTF100003', '01', '2007', 2, 456090.25, 350000.00, 1.303115, 456090.25, 6219.41, 145119.63, 310971.00, 1.303115, 68.18, 0),
('AMT10000158', 'ACTF100003', '02', '2007', 2, 458926.30, 350000.00, 1.311218, 458926.30, 6258.09, 152280.09, 306646.00, 1.311218, 66.82, 0),
('AMT10000159', 'ACTF100003', '03', '2007', 2, 462343.00, 350000.00, 1.320980, 462343.00, 6304.68, 159718.49, 302625.00, 1.320980, 65.45, 0),
('AMT10000160', 'ACTF100003', '04', '2007', 3, 465397.10, 350000.00, 1.329706, 465397.10, 5641.18, 166414.72, 298982.00, 1.329706, 64.24, 0),
('AMT10000161', 'ACTF100003', '05', '2007', 3, 473467.40, 350000.00, 1.352764, 473467.40, 5739.00, 175039.46, 298428.00, 1.352764, 63.03, 0),
('AMT10000162', 'ACTF100003', '06', '2007', 3, 481828.55, 350000.00, 1.376653, 481828.55, 5840.35, 183970.90, 297858.00, 1.376653, 61.82, 0),
('AMT10000163', 'ACTF100003', '07', '2007', 3, 484228.15, 350000.00, 1.383509, 484228.15, 5869.43, 190756.54, 293472.00, 1.383509, 60.61, 0),
('AMT10000164', 'ACTF100003', '08', '2007', 3, 489389.95, 350000.00, 1.398257, 489389.95, 5932.00, 198721.98, 290668.00, 1.398257, 59.39, 0),
('AMT10000165', 'ACTF100003', '09', '2007', 3, 495859.70, 350000.00, 1.416742, 495859.70, 6010.42, 207359.51, 288500.00, 1.416742, 58.18, 0),
('AMT10000166', 'ACTF100003', '10', '2007', 3, 508003.30, 350000.00, 1.451438, 508003.30, 6157.62, 218595.36, 289408.00, 1.451438, 56.97, 0),
('AMT10000167', 'ACTF100003', '11', '2007', 3, 530111.75, 350000.00, 1.514605, 530111.75, 6425.60, 234534.29, 295577.00, 1.514605, 55.76, 0),
('AMT10000168', 'ACTF100003', '12', '2007', 3, 547563.10, 350000.00, 1.564466, 547563.10, 6637.13, 248892.32, 298671.00, 1.564466, 54.55, 0),
('AMT10000169', 'ACTF100003', '01', '2008', 3, 564.55, 350000.00, 0.001613, 564.55, 6.84, 263.46, 301.00, 1.612964, 53.33, 1000),
('AMT10000170', 'ACTF100003', '02', '2008', 3, 576.45, 350000.00, 0.001647, 576.45, 6.99, 276.00, 300.00, 1.647382, 52.12, 1000),
('AMT10000171', 'ACTF100003', '03', '2008', 3, 586.60, 350000.00, 0.001676, 586.60, 7.11, 287.97, 299.00, 1.675543, 50.91, 1000),
('AMT10000172', 'ACTF100003', '04', '2008', 4, 596.40, 350000.00, 0.001704, 596.40, 6.33, 299.10, 297.00, 1.703703, 49.85, 1000),
('AMT10000173', 'ACTF100003', '05', '2008', 4, 615.30, 350000.00, 0.001758, 615.30, 6.53, 315.11, 300.00, 1.758459, 48.79, 1000),
('AMT10000174', 'ACTF100003', '06', '2008', 4, 630.35, 350000.00, 0.001801, 630.35, 6.69, 329.50, 301.00, 1.800700, 47.73, 1000),
('AMT10000175', 'ACTF100003', '07', '2008', 4, 642.25, 350000.00, 0.001835, 642.25, 6.81, 342.53, 300.00, 1.835118, 46.67, 1000),
('AMT10000176', 'ACTF100003', '08', '2008', 4, 653.80, 350000.00, 0.001868, 653.80, 6.93, 355.63, 298.00, 1.867972, 45.61, 1000),
('AMT10000177', 'ACTF100003', '09', '2008', 4, 667.10, 350000.00, 0.001906, 667.10, 7.08, 369.94, 297.00, 1.905519, 44.55, 1000),
('AMT10000178', 'ACTF100003', '10', '2008', 4, 682.85, 350000.00, 0.001951, 682.85, 7.24, 385.91, 297.00, 1.950889, 43.48, 1000),
('AMT10000179', 'ACTF100003', '11', '2008', 4, 698.60, 350000.00, 0.001996, 698.60, 7.41, 402.22, 296.00, 1.996258, 42.42, 1000),
('AMT10000180', 'ACTF100003', '12', '2008', 4, 716.80, 350000.00, 0.002048, 716.80, 7.60, 420.31, 296.00, 2.047886, 41.36, 1000),
('AMT10000181', 'ACTF100003', '01', '2009', 4, 733.25, 350000.00, 0.002095, 733.25, 7.78, 437.73, 296.00, 2.094820, 40.30, 1000),
('AMT10000182', 'ACTF100003', '02', '2009', 4, 742.35, 350000.00, 0.002121, 742.35, 7.87, 451.03, 291.00, 2.121415, 39.24, 1000),
('AMT10000183', 'ACTF100003', '03', '2009', 4, 751.10, 350000.00, 0.002146, 751.10, 7.97, 464.32, 287.00, 2.146447, 38.18, 1000),
('AMT10000184', 'ACTF100003', '04', '2009', 5, 765.10, 350000.00, 0.002186, 765.10, 6.96, 479.93, 285.00, 2.185559, 37.27, 1000),
('AMT10000185', 'ACTF100003', '05', '2009', 5, 780.15, 350000.00, 0.002229, 780.15, 7.09, 496.46, 284.00, 2.229364, 36.36, 1000),
('AMT10000186', 'ACTF100003', '06', '2009', 5, 793.80, 350000.00, 0.002268, 793.80, 7.22, 512.36, 281.00, 2.268475, 35.45, 1000),
('AMT10000187', 'ACTF100003', '07', '2009', 5, 810.25, 350000.00, 0.002315, 810.25, 7.37, 530.35, 280.00, 2.315409, 34.55, 1000),
('AMT10000188', 'ACTF100003', '08', '2009', 5, 828.45, 350000.00, 0.002367, 828.45, 7.53, 549.79, 279.00, 2.367037, 33.64, 1000),
('AMT10000189', 'ACTF100003', '09', '2009', 5, 849.10, 350000.00, 0.002426, 849.10, 7.72, 571.21, 278.00, 2.426486, 32.73, 1000),
('AMT10000190', 'ACTF100003', '10', '2009', 5, 865.20, 350000.00, 0.002472, 865.20, 7.87, 589.91, 275.00, 2.471856, 31.82, 1000),
('AMT10000191', 'ACTF100003', '11', '2009', 5, 881.65, 350000.00, 0.002519, 881.65, 8.02, 609.14, 273.00, 2.518790, 30.91, 1000),
('AMT10000192', 'ACTF100003', '12', '2009', 5, 896.35, 350000.00, 0.002561, 896.35, 8.15, 627.45, 269.00, 2.561030, 30.00, 1000),
('AMT10000193', 'ACTF100003', '01', '2010', 5, 911.75, 350000.00, 0.002605, 911.75, 8.29, 646.51, 265.00, 2.604835, 29.09, 1000),
('AMT10000194', 'ACTF100003', '02', '2010', 5, 926.10, 350000.00, 0.002646, 926.10, 8.42, 665.11, 261.00, 2.645511, 28.18, 1000),
('AMT10000195', 'ACTF100003', '03', '2010', 5, 948.50, 350000.00, 0.002710, 948.50, 8.62, 689.82, 259.00, 2.709655, 27.27, 1000),
('AMT10000196', 'ACTF100003', '04', '2010', 6, 997.50, 350000.00, 0.002850, 997.50, 7.56, 733.01, 264.00, 2.850456, 26.52, 1000),
('AMT10000197', 'ACTF100003', '05', '2010', 6, 1024.10, 350000.00, 0.002926, 1024.10, 7.76, 760.32, 264.00, 2.925551, 25.76, 1000),
('AMT10000198', 'ACTF100003', '06', '2010', 6, 1042.65, 350000.00, 0.002979, 1042.65, 7.90, 781.99, 261.00, 2.978743, 25.00, 1000),
('AMT10000199', 'ACTF100003', '07', '2010', 6, 1057.35, 350000.00, 0.003021, 1057.35, 8.01, 801.02, 256.00, 3.020983, 24.24, 1000),
('AMT10000200', 'ACTF100003', '08', '2010', 6, 1074.15, 350000.00, 0.003069, 1074.15, 8.14, 821.89, 252.00, 3.069482, 23.48, 1000),
('AMT10000201', 'ACTF100003', '09', '2010', 6, 1086.40, 350000.00, 0.003104, 1086.40, 8.23, 839.49, 247.00, 3.103900, 22.73, 1000),
('AMT10000202', 'ACTF100003', '10', '2010', 6, 1102.85, 350000.00, 0.003151, 1102.85, 8.35, 860.56, 242.00, 3.150834, 21.97, 1000),
('AMT10000203', 'ACTF100003', '11', '2010', 6, 1119.65, 350000.00, 0.003199, 1119.65, 8.48, 882.15, 238.00, 3.199332, 21.21, 1000),
('AMT10000204', 'ACTF100003', '12', '2010', 6, 1139.95, 350000.00, 0.003257, 1139.95, 8.64, 906.78, 233.00, 3.257217, 20.45, 1000),
('AMT10000205', 'ACTF100003', '01', '2011', 6, 1171.10, 350000.00, 0.003346, 1171.10, 8.87, 940.43, 231.00, 3.346392, 19.70, 1000),
('AMT10000206', 'ACTF100003', '02', '2011', 6, 1191.40, 350000.00, 0.003404, 1191.40, 9.03, 965.76, 226.00, 3.404277, 18.94, 1000),
('AMT10000207', 'ACTF100003', '03', '2011', 6, 1208.55, 350000.00, 0.003453, 1208.55, 9.16, 988.81, 220.00, 3.452776, 18.18, 1000),
('AMT10000208', 'ACTF100003', '04', '2011', 7, 1226.05, 350000.00, 0.003503, 1226.05, 7.43, 1010.56, 215.00, 3.502839, 17.58, 1000),
('AMT10000209', 'ACTF100003', '05', '2011', 7, 1257.20, 350000.00, 0.003592, 1257.20, 7.62, 1043.86, 213.00, 3.592013, 16.97, 1000),
('AMT10000210', 'ACTF100003', '06', '2011', 7, 1288.35, 350000.00, 0.003681, 1288.35, 7.81, 1077.53, 211.00, 3.681188, 16.36, 1000),
('AMT10000211', 'ACTF100003', '07', '2011', 7, 1323.00, 350000.00, 0.003780, 1323.00, 8.02, 1114.53, 208.00, 3.779749, 15.76, 1000),
('AMT10000212', 'ACTF100003', '08', '2011', 7, 1352.05, 350000.00, 0.003863, 1352.05, 8.19, 1147.19, 205.00, 3.862666, 15.15, 1000),
('AMT10000213', 'ACTF100003', '09', '2011', 7, 1373.75, 350000.00, 0.003925, 1373.75, 8.33, 1173.93, 200.00, 3.925244, 14.55, 1000),
('AMT10000214', 'ACTF100003', '10', '2011', 7, 1398.95, 350000.00, 0.003997, 1398.95, 8.48, 1203.94, 195.00, 3.997210, 13.94, 1000),
('AMT10000215', 'ACTF100003', '11', '2011', 7, 1429.05, 350000.00, 0.004083, 1429.05, 8.66, 1238.51, 191.00, 4.083255, 13.33, 1000),
('AMT10000216', 'ACTF100003', '12', '2011', 7, 1454.25, 350000.00, 0.004155, 1454.25, 8.81, 1269.16, 185.00, 4.155221, 12.73, 1000),
('AMT10000217', 'ACTF100003', '01', '2012', 7, 1476.30, 350000.00, 0.004218, 1476.30, 8.95, 1297.35, 179.00, 4.217799, 12.12, 1000),
('AMT10000218', 'ACTF100003', '02', '2012', 7, 1492.75, 350000.00, 0.004265, 1492.75, 9.05, 1320.86, 172.00, 4.264733, 11.52, 1000),
('AMT10000219', 'ACTF100003', '03', '2012', 7, 1505.70, 350000.00, 0.004302, 1505.70, 9.13, 1341.44, 164.00, 4.302281, 10.91, 1000),
('AMT10000220', 'ACTF100003', '04', '2012', 8, 1517.95, 350000.00, 0.004337, 1517.95, 6.90, 1359.26, 159.00, 4.336699, 10.45, 1000),
('AMT10000221', 'ACTF100003', '05', '2012', 8, 1541.40, 350000.00, 0.004404, 1541.40, 7.01, 1387.26, 154.00, 4.403971, 10.00, 1000),
('AMT10000222', 'ACTF100003', '06', '2012', 8, 1563.45, 350000.00, 0.004467, 1563.45, 7.11, 1414.21, 149.00, 4.466549, 9.55, 1000),
('AMT10000223', 'ACTF100003', '07', '2012', 8, 1579.20, 350000.00, 0.004512, 1579.20, 7.18, 1435.64, 144.00, 4.511919, 9.09, 1000),
('AMT10000224', 'ACTF100003', '08', '2012', 8, 1596.00, 350000.00, 0.004560, 1596.00, 7.25, 1458.16, 138.00, 4.560417, 8.64, 1000),
('AMT10000225', 'ACTF100003', '09', '2012', 8, 1621.20, 350000.00, 0.004632, 1621.20, 7.37, 1488.56, 133.00, 4.632383, 8.18, 1000),
('AMT10000226', 'ACTF100003', '10', '2012', 8, 1649.20, 350000.00, 0.004712, 1649.20, 7.50, 1521.76, 127.00, 4.712171, 7.73, 1000),
('AMT10000227', 'ACTF100003', '11', '2012', 8, 1687.00, 350000.00, 0.004820, 1687.00, 7.67, 1564.31, 123.00, 4.820119, 7.27, 1000),
('AMT10000228', 'ACTF100003', '12', '2012', 8, 1746.15, 350000.00, 0.004989, 1746.15, 7.94, 1627.09, 119.00, 4.989081, 6.82, 1000),
('AMT10000229', 'ACTF100003', '01', '2013', 8, 1803.55, 350000.00, 0.005153, 1803.55, 8.20, 1688.78, 115.00, 5.153350, 6.36, 1000),
('AMT10000230', 'ACTF100003', '02', '2013', 8, 1833.30, 350000.00, 0.005238, 1833.30, 8.33, 1724.97, 108.00, 5.237831, 5.91, 1000),
('AMT10000231', 'ACTF100003', '03', '2013', 8, 1884.05, 350000.00, 0.005383, 1884.05, 8.56, 1781.28, 103.00, 5.383326, 5.45, 1000),
('AMT10000232', 'ACTF100003', '04', '2013', 9, 1964.55, 350000.00, 0.005613, 1964.55, 5.95, 1863.35, 101.00, 5.613303, 5.15, 1000),
('AMT10000233', 'ACTF100003', '05', '2013', 9, 2084.60, 350000.00, 0.005956, 2084.60, 6.32, 1983.53, 101.00, 5.955921, 4.85, 1000),
('AMT10000234', 'ACTF100003', '06', '2013', 9, 2182.60, 350000.00, 0.006236, 2182.60, 6.61, 2083.39, 99.00, 6.235960, 4.55, 1000),
('AMT10000235', 'ACTF100003', '07', '2013', 9, 2252.25, 350000.00, 0.006435, 2252.25, 6.83, 2156.70, 96.00, 6.434647, 4.24, 1000),
('AMT10000236', 'ACTF100003', '08', '2013', 9, 2320.15, 350000.00, 0.006629, 2320.15, 7.03, 2228.75, 91.00, 6.628641, 3.94, 1000),
('AMT10000237', 'ACTF100003', '09', '2013', 9, 2422.00, 350000.00, 0.006920, 2422.00, 7.34, 2333.93, 88.00, 6.919632, 3.64, 1000),
('AMT10000238', 'ACTF100003', '10', '2013', 9, 2545.55, 350000.00, 0.007273, 2545.55, 7.71, 2460.70, 85.00, 7.273201, 3.33, 1000),
('AMT10000239', 'ACTF100003', '11', '2013', 9, 2668.40, 350000.00, 0.007624, 2668.40, 8.09, 2587.54, 81.00, 7.623641, 3.03, 1000),
('AMT10000240', 'ACTF100003', '12', '2013', 9, 2727.55, 350000.00, 0.007793, 2727.55, 8.27, 2653.16, 74.00, 7.792603, 2.73, 1000),
('AMT10000241', 'ACTF100003', '01', '2014', 9, 2818.20, 350000.00, 0.008052, 2818.20, 8.54, 2749.88, 68.00, 8.052305, 2.42, 1000),
('AMT10000242', 'ACTF100003', '02', '2014', 9, 2884.70, 350000.00, 0.008242, 2884.70, 8.74, 2823.51, 61.00, 8.241605, 2.12, 1000),
('AMT10000243', 'ACTF100003', '03', '2014', 9, 3002.30, 350000.00, 0.008578, 3002.30, 9.10, 2947.71, 55.00, 8.577965, 1.82, 1000),
('AMT10000244', 'ACTF100003', '04', '2014', 10, 3172.75, 350000.00, 0.009065, 3172.75, 4.81, 3119.87, 53.00, 9.064514, 1.67, 1000),
('AMT10000245', 'ACTF100003', '05', '2014', 10, 3354.40, 350000.00, 0.009584, 3354.40, 5.08, 3303.58, 51.00, 9.583917, 1.52, 1000),
('AMT10000246', 'ACTF100003', '06', '2014', 10, 3502.80, 350000.00, 0.010008, 3502.80, 5.31, 3455.03, 48.00, 10.007887, 1.36, 1000),
('AMT10000247', 'ACTF100003', '07', '2014', 10, 3647.70, 350000.00, 0.010422, 3647.70, 5.53, 3603.49, 44.00, 10.422470, 1.21, 1000),
('AMT10000248', 'ACTF100003', '08', '2014', 10, 3791.20, 350000.00, 0.010832, 3791.20, 5.74, 3750.99, 40.00, 10.832360, 1.06, 1000),
('AMT10000249', 'ACTF100003', '09', '2014', 10, 3972.15, 350000.00, 0.011349, 3972.15, 6.02, 3936.04, 36.00, 11.348634, 0.91, 1000),
('AMT10000250', 'ACTF100003', '10', '2014', 10, 4171.30, 350000.00, 0.011918, 4171.30, 6.32, 4139.70, 32.00, 11.918099, 0.76, 1000),
('AMT10000251', 'ACTF100003', '11', '2014', 10, 4365.55, 350000.00, 0.012473, 4365.55, 6.61, 4339.09, 26.00, 12.473485, 0.61, 1000),
('AMT10000252', 'ACTF100003', '12', '2014', 10, 4596.90, 350000.00, 0.013134, 4596.90, 6.97, 4576.01, 21.00, 13.133689, 0.45, 1000),
('AMT10000253', 'ACTF100003', '01', '2015', 10, 4954.25, 350000.00, 0.014155, 4954.25, 7.51, 4939.24, 15.00, 14.155285, 0.30, 1000),
('AMT10000254', 'ACTF100003', '02', '2015', 10, 5196.80, 350000.00, 0.014848, 5196.80, 7.87, 5188.93, 8.00, 14.848344, 0.15, 1000),
('AMT10000255', 'ACTF100003', '03', '2015', 10, 5476.80, 350000.00, 0.015648, 5476.80, 8.30, 5476.80, 0.00, 15.647785, 0.00, 1000),
('AMT10000256', 'ACTF100004', '04', '2008', 0, 0.00, 0.00, 0.000000, 0.00, 0.00, 0.00, 206.42, 0.000000, 100.00, 0),
('AMT10000257', 'ACTF100004', '04', '2008', 1, 206.42, 206.42, 1.000000, 206.42, 2.15, 2.15, 204.00, 1.000000, 98.96, 0),
('AMT10000258', 'ACTF100004', '05', '2008', 1, 213.05, 206.42, 1.032140, 213.05, 2.22, 4.44, 209.00, 1.032140, 97.92, 0),
('AMT10000259', 'ACTF100004', '06', '2008', 1, 218.17, 206.42, 1.056933, 218.17, 2.27, 6.82, 211.00, 1.056933, 96.87, 0),
('AMT10000260', 'ACTF100004', '07', '2008', 1, 222.34, 206.42, 1.077135, 222.34, 2.32, 9.26, 213.00, 1.077135, 95.83, 0),
('AMT10000261', 'ACTF100004', '08', '2008', 1, 226.32, 206.42, 1.096419, 226.32, 2.36, 11.79, 215.00, 1.096419, 94.79, 0),
('AMT10000262', 'ACTF100004', '09', '2008', 1, 230.87, 206.42, 1.118457, 230.87, 2.40, 14.43, 216.00, 1.118457, 93.75, 0),
('AMT10000263', 'ACTF100004', '10', '2008', 1, 236.37, 206.42, 1.145087, 236.37, 2.46, 17.24, 219.00, 1.145087, 92.71, 0),
('AMT10000264', 'ACTF100004', '11', '2008', 1, 241.87, 206.42, 1.171717, 241.87, 2.52, 20.16, 222.00, 1.171717, 91.67, 0),
('AMT10000265', 'ACTF100004', '12', '2008', 1, 248.12, 206.42, 1.202020, 248.12, 2.58, 23.26, 225.00, 1.202020, 90.62, 0),
('AMT10000266', 'ACTF100004', '01', '2009', 1, 253.81, 206.42, 1.229568, 253.81, 2.64, 26.44, 227.00, 1.229568, 89.58, 0),
('AMT10000267', 'ACTF100004', '02', '2009', 1, 257.03, 206.42, 1.245179, 257.03, 2.68, 29.45, 228.00, 1.245179, 88.54, 0),
('AMT10000268', 'ACTF100004', '03', '2009', 1, 260.06, 206.42, 1.259871, 260.06, 2.71, 32.51, 228.00, 1.259871, 87.50, 0),
('AMT10000269', 'ACTF100004', '04', '2009', 2, 264.80, 206.42, 1.282828, 264.80, 2.76, 35.86, 229.00, 1.282828, 86.46, 0),
('AMT10000270', 'ACTF100004', '05', '2009', 2, 270.11, 206.42, 1.308540, 270.11, 2.81, 39.39, 231.00, 1.308540, 85.42, 0),
('AMT10000271', 'ACTF100004', '06', '2009', 2, 274.85, 206.42, 1.331497, 274.85, 2.86, 42.95, 232.00, 1.331497, 84.37, 0),
('AMT10000272', 'ACTF100004', '07', '2009', 2, 280.53, 206.42, 1.359045, 280.53, 2.92, 46.76, 234.00, 1.359045, 83.33, 0),
('AMT10000273', 'ACTF100004', '08', '2009', 2, 286.79, 206.42, 1.389348, 286.79, 2.99, 50.79, 236.00, 1.389348, 82.29, 0),
('AMT10000274', 'ACTF100004', '09', '2009', 2, 293.99, 206.42, 1.424242, 293.99, 3.06, 55.12, 239.00, 1.424242, 81.25, 0),
('AMT10000275', 'ACTF100004', '10', '2009', 2, 299.49, 206.42, 1.450872, 299.49, 3.12, 59.27, 240.00, 1.450872, 80.21, 0),
('AMT10000276', 'ACTF100004', '11', '2009', 2, 305.18, 206.42, 1.478421, 305.18, 3.18, 63.58, 242.00, 1.478421, 79.17, 0),
('AMT10000277', 'ACTF100004', '12', '2009', 2, 310.29, 206.42, 1.503214, 310.29, 3.23, 67.88, 242.00, 1.503214, 78.12, 0),
('AMT10000278', 'ACTF100004', '01', '2010', 2, 315.60, 206.42, 1.528926, 315.60, 3.29, 72.33, 243.00, 1.528926, 77.08, 0),
('AMT10000279', 'ACTF100004', '02', '2010', 2, 320.53, 206.42, 1.552801, 320.53, 3.34, 76.79, 244.00, 1.552801, 76.04, 0),
('AMT10000280', 'ACTF100004', '03', '2010', 2, 328.30, 206.42, 1.590450, 328.30, 3.42, 82.08, 246.00, 1.590450, 75.00, 0),
('AMT10000281', 'ACTF100004', '04', '2010', 3, 345.36, 206.42, 1.673095, 345.36, 3.60, 89.94, 255.00, 1.673095, 73.96, 0),
('AMT10000282', 'ACTF100004', '05', '2010', 3, 354.46, 206.42, 1.717172, 354.46, 3.69, 96.00, 258.00, 1.717172, 72.92, 0),
('AMT10000283', 'ACTF100004', '06', '2010', 3, 360.90, 206.42, 1.748393, 360.90, 3.76, 101.50, 259.00, 1.748393, 71.87, 0),
('AMT10000284', 'ACTF100004', '07', '2010', 3, 366.02, 206.42, 1.773186, 366.02, 3.81, 106.76, 259.00, 1.773186, 70.83, 0),
('AMT10000285', 'ACTF100004', '08', '2010', 3, 371.90, 206.42, 1.801653, 371.90, 3.87, 112.34, 260.00, 1.801653, 69.79, 0),
('AMT10000286', 'ACTF100004', '09', '2010', 3, 376.07, 206.42, 1.821855, 376.07, 3.92, 117.52, 259.00, 1.821855, 68.75, 0),
('AMT10000287', 'ACTF100004', '10', '2010', 3, 381.75, 206.42, 1.849403, 381.75, 3.98, 123.27, 258.00, 1.849403, 67.71, 0),
('AMT10000288', 'ACTF100004', '11', '2010', 3, 387.63, 206.42, 1.877870, 387.63, 4.04, 129.21, 258.00, 1.877870, 66.67, 0),
('AMT10000289', 'ACTF100004', '12', '2010', 3, 394.64, 206.42, 1.911846, 394.64, 4.11, 135.66, 259.00, 1.911846, 65.62, 0),
('AMT10000290', 'ACTF100004', '01', '2011', 3, 405.45, 206.42, 1.964187, 405.45, 4.22, 143.60, 262.00, 1.964187, 64.58, 0),
('AMT10000291', 'ACTF100004', '02', '2011', 3, 412.46, 206.42, 1.998163, 412.46, 4.30, 150.38, 262.00, 1.998163, 63.54, 0),
('AMT10000292', 'ACTF100004', '03', '2011', 3, 418.34, 206.42, 2.026630, 418.34, 4.36, 156.88, 261.00, 2.026630, 62.50, 0),
('AMT10000293', 'ACTF100004', '04', '2011', 4, 424.40, 206.42, 2.056015, 424.40, 4.42, 163.57, 261.00, 2.056015, 61.46, 0),
('AMT10000294', 'ACTF100004', '05', '2011', 4, 435.21, 206.42, 2.108356, 435.21, 4.53, 172.27, 263.00, 2.108356, 60.42, 0),
('AMT10000295', 'ACTF100004', '06', '2011', 4, 446.01, 206.42, 2.160698, 446.01, 4.65, 181.19, 265.00, 2.160698, 59.37, 0),
('AMT10000296', 'ACTF100004', '07', '2011', 4, 457.95, 206.42, 2.218549, 457.95, 4.77, 190.81, 267.00, 2.218549, 58.33, 0),
('AMT10000297', 'ACTF100004', '08', '2011', 4, 468.00, 206.42, 2.267218, 468.00, 4.88, 199.88, 268.00, 2.267218, 57.29, 0),
('AMT10000298', 'ACTF100004', '09', '2011', 4, 475.58, 206.42, 2.303949, 475.58, 4.95, 208.07, 268.00, 2.303949, 56.25, 0),
('AMT10000299', 'ACTF100004', '10', '2011', 4, 484.30, 206.42, 2.346189, 484.30, 5.04, 216.93, 267.00, 2.346189, 55.21, 0),
('AMT10000300', 'ACTF100004', '11', '2011', 4, 494.73, 206.42, 2.396694, 494.73, 5.15, 226.75, 268.00, 2.396694, 54.17, 0),
('AMT10000301', 'ACTF100004', '12', '2011', 4, 503.44, 206.42, 2.438935, 503.44, 5.24, 235.99, 267.00, 2.438935, 53.12, 0),
('AMT10000302', 'ACTF100004', '01', '2012', 4, 511.03, 206.42, 2.475666, 511.03, 5.32, 244.87, 266.00, 2.475666, 52.08, 0),
('AMT10000303', 'ACTF100004', '02', '2012', 4, 516.71, 206.42, 2.503214, 516.71, 5.38, 252.97, 264.00, 2.503214, 51.04, 0),
('AMT10000304', 'ACTF100004', '03', '2012', 4, 521.26, 206.42, 2.525253, 521.26, 5.43, 260.63, 261.00, 2.525253, 50.00, 0),
('AMT10000305', 'ACTF100004', '04', '2012', 5, 525.43, 206.42, 2.545455, 525.43, 5.47, 268.19, 257.00, 2.545455, 48.96, 0),
('AMT10000306', 'ACTF100004', '05', '2012', 5, 533.58, 206.42, 2.584940, 533.58, 5.56, 277.91, 256.00, 2.584940, 47.92, 0),
('AMT10000307', 'ACTF100004', '06', '2012', 5, 541.17, 206.42, 2.621671, 541.17, 5.64, 287.50, 254.00, 2.621671, 46.87, 0),
('AMT10000308', 'ACTF100004', '07', '2012', 5, 546.66, 206.42, 2.648301, 546.66, 5.69, 296.11, 251.00, 2.648301, 45.83, 0),
('AMT10000309', 'ACTF100004', '08', '2012', 5, 552.54, 206.42, 2.676768, 552.54, 5.76, 305.05, 247.00, 2.676768, 44.79, 0),
('AMT10000310', 'ACTF100004', '09', '2012', 5, 561.26, 206.42, 2.719008, 561.26, 5.85, 315.71, 246.00, 2.719008, 43.75, 0),
('AMT10000311', 'ACTF100004', '10', '2012', 5, 570.92, 206.42, 2.765840, 570.92, 5.95, 327.09, 244.00, 2.765840, 42.71, 0),
('AMT10000312', 'ACTF100004', '11', '2012', 5, 584.00, 206.42, 2.829201, 584.00, 6.08, 340.67, 243.00, 2.829201, 41.67, 0),
('AMT10000313', 'ACTF100004', '12', '2012', 5, 604.48, 206.42, 2.928375, 604.48, 6.30, 358.91, 246.00, 2.928375, 40.62, 0),
('AMT10000314', 'ACTF100004', '01', '2013', 5, 624.38, 206.42, 3.024793, 624.38, 6.50, 377.23, 247.00, 3.024793, 39.58, 0),
('AMT10000315', 'ACTF100004', '02', '2013', 5, 634.61, 206.42, 3.074380, 634.61, 6.61, 390.02, 245.00, 3.074380, 38.54, 0),
('AMT10000316', 'ACTF100004', '03', '2013', 5, 652.24, 206.42, 3.159780, 652.24, 6.79, 407.65, 245.00, 3.159780, 37.50, 0),
('AMT10000317', 'ACTF100004', '04', '2013', 6, 680.11, 206.42, 3.294766, 680.11, 7.08, 432.15, 248.00, 3.294766, 36.46, 0),
('AMT10000318', 'ACTF100004', '05', '2013', 6, 721.62, 206.42, 3.495868, 721.62, 7.52, 466.05, 256.00, 3.495868, 35.42, 0),
('AMT10000319', 'ACTF100004', '06', '2013', 6, 755.55, 206.42, 3.660239, 755.55, 7.87, 495.83, 260.00, 3.660239, 34.37, 0),
('AMT10000320', 'ACTF100004', '07', '2013', 6, 779.62, 206.42, 3.776860, 779.62, 8.12, 519.75, 260.00, 3.776860, 33.33, 0),
('AMT10000321', 'ACTF100004', '08', '2013', 6, 803.12, 206.42, 3.890725, 803.12, 8.37, 543.78, 259.00, 3.890725, 32.29, 0),
('AMT10000322', 'ACTF100004', '09', '2013', 6, 838.38, 206.42, 4.061524, 838.38, 8.73, 576.39, 262.00, 4.061524, 31.25, 0),
('AMT10000323', 'ACTF100004', '10', '2013', 6, 881.22, 206.42, 4.269054, 881.22, 9.18, 615.02, 266.00, 4.269054, 30.21, 0),
('AMT10000324', 'ACTF100004', '11', '2013', 6, 923.68, 206.42, 4.474747, 923.68, 9.62, 654.27, 269.00, 4.474747, 29.17, 0),
('AMT10000325', 'ACTF100004', '12', '2013', 6, 944.15, 206.42, 4.573921, 944.15, 9.83, 678.61, 266.00, 4.573921, 28.12, 0),
('AMT10000326', 'ACTF100004', '01', '2014', 6, 975.61, 206.42, 4.726354, 975.61, 10.16, 711.38, 264.00, 4.726354, 27.08, 0),
('AMT10000327', 'ACTF100004', '02', '2014', 6, 998.55, 206.42, 4.837466, 998.55, 10.40, 738.51, 260.00, 4.837466, 26.04, 0),
('AMT10000328', 'ACTF100004', '03', '2014', 6, 1039.30, 206.42, 5.034894, 1039.30, 10.83, 779.48, 260.00, 5.034894, 25.00, 0),
('AMT10000329', 'ACTF100004', '04', '2014', 7, 1098.25, 206.42, 5.320478, 1098.25, 11.44, 835.13, 263.00, 5.320478, 23.96, 0),
('AMT10000330', 'ACTF100004', '05', '2014', 7, 1161.18, 206.42, 5.625344, 1161.18, 12.10, 895.08, 266.00, 5.625344, 22.92, 0),
('AMT10000331', 'ACTF100004', '06', '2014', 7, 1212.55, 206.42, 5.874197, 1212.55, 12.63, 947.30, 265.00, 5.874197, 21.87, 0),
('AMT10000332', 'ACTF100004', '07', '2014', 7, 1262.78, 206.42, 6.117539, 1262.78, 13.15, 999.70, 263.00, 6.117539, 20.83, 0),
('AMT10000333', 'ACTF100004', '08', '2014', 7, 1312.44, 206.42, 6.358127, 1312.44, 13.67, 1052.69, 260.00, 6.358127, 19.79, 0),
('AMT10000334', 'ACTF100004', '09', '2014', 7, 1375.00, 206.42, 6.661157, 1375.00, 14.32, 1117.19, 258.00, 6.661157, 18.75, 0),
('AMT10000335', 'ACTF100004', '10', '2014', 7, 1443.99, 206.42, 6.995409, 1443.99, 15.04, 1188.28, 256.00, 6.995409, 17.71, 0),
('AMT10000336', 'ACTF100004', '11', '2014', 7, 1511.28, 206.42, 7.321396, 1511.28, 15.74, 1259.40, 252.00, 7.321396, 16.67, 0),
('AMT10000337', 'ACTF100004', '12', '2014', 7, 1591.27, 206.42, 7.708907, 1591.27, 16.58, 1342.63, 249.00, 7.708907, 15.62, 0),
('AMT10000338', 'ACTF100004', '01', '2015', 7, 1715.05, 206.42, 8.308540, 1715.05, 17.87, 1464.94, 250.00, 8.308540, 14.58, 0),
('AMT10000339', 'ACTF100004', '02', '2015', 7, 1799.02, 206.42, 8.715335, 1799.02, 18.74, 1555.40, 244.00, 8.715335, 13.54, 0),
('AMT10000340', 'ACTF100004', '03', '2015', 7, 1895.88, 206.42, 9.184573, 1895.88, 19.75, 1658.90, 237.00, 9.184573, 12.50, 0),
('AMT10000341', 'ACTF100004', '04', '2015', 8, 2016.43, 206.42, 9.768595, 2016.43, 21.00, 1785.38, 231.00, 9.768595, 11.46, 0),
('AMT10000342', 'ACTF100004', '05', '2015', 8, 2177.55, 206.42, 10.549128, 2177.55, 22.68, 1950.72, 227.00, 10.549128, 10.42, 0),
('AMT10000343', 'ACTF100004', '06', '2015', 8, 2391.36, 206.42, 11.584940, 2391.36, 24.91, 2167.17, 224.00, 11.584940, 9.37, 0),
('AMT10000344', 'ACTF100004', '07', '2015', 8, 2648.96, 206.42, 12.832874, 2648.96, 27.59, 2428.21, 221.00, 12.832874, 8.33, 0),
('AMT10000345', 'ACTF100004', '08', '2015', 8, 2977.45, 206.42, 14.424242, 2977.45, 31.02, 2760.34, 217.00, 14.424242, 7.29, 0),
('AMT10000346', 'ACTF100004', '09', '2015', 8, 3321.11, 206.42, 16.089073, 3321.11, 34.59, 3113.54, 208.00, 16.089073, 6.25, 0),
('AMT10000347', 'ACTF100004', '10', '2015', 8, 3698.69, 206.42, 17.918274, 3698.69, 38.53, 3506.05, 193.00, 17.918274, 5.21, 0),
('AMT10000348', 'ACTF100004', '11', '2015', 8, 4110.39, 206.42, 19.912764, 4110.39, 42.82, 3939.12, 171.00, 19.912764, 4.17, 0),
('AMT10000349', 'ACTF100004', '12', '2015', 8, 4469.40, 206.42, 21.651974, 4469.40, 46.56, 4329.73, 140.00, 21.651974, 3.12, 0),
('AMT10000350', 'ACTF100004', '01', '2016', 8, 4883.76, 206.42, 23.659320, 4883.76, 50.87, 4782.02, 102.00, 23.659320, 2.08, 0),
('AMT10000351', 'ACTF100004', '02', '2016', 8, 5309.49, 206.42, 25.721763, 5309.49, 55.31, 5254.18, 55.00, 25.721763, 1.04, 0),
('AMT10000352', 'ACTF100004', '03', '2016', 8, 5868.85, 206.42, 28.431589, 5868.85, 61.13, 5868.85, 0.00, 28.431589, 0.00, 0),
('AMT10000353', 'ACTF100005', '04', '2006', 0, 0.00, 0.00, 0.000000, 0.00, 0.00, 0.00, 276315.79, 0.000000, 100.00, 0),
('AMT10000354', 'ACTF100005', '04', '2006', 1, 276315.79, 251315.79, 1.000000, 251315.79, 3807.82, 3807.82, 272508.00, 1.000000, 98.48, 0),
('AMT10000355', 'ACTF100005', '05', '2006', 1, 280800.40, 251315.79, 1.016230, 255394.65, 3869.62, 7739.23, 273061.00, 1.016230, 96.97, 0),
('AMT10000356', 'ACTF100005', '06', '2006', 1, 286006.46, 251315.79, 1.035071, 260129.69, 3941.36, 11824.08, 274182.00, 1.035071, 95.45, 0),
('AMT10000357', 'ACTF100005', '07', '2006', 1, 292862.13, 251315.79, 1.059882, 266365.08, 4035.83, 16143.34, 276719.00, 1.059882, 93.94, 0),
('AMT10000358', 'ACTF100005', '08', '2006', 1, 299304.99, 251315.79, 1.083199, 272225.01, 4124.62, 20623.11, 278682.00, 1.083199, 92.42, 0),
('AMT10000359', 'ACTF100005', '09', '2006', 1, 304976.92, 251315.79, 1.103726, 277383.77, 4202.78, 25216.71, 279760.00, 1.103726, 90.91, 0),
('AMT10000360', 'ACTF100005', '10', '2006', 1, 307245.75, 251315.79, 1.111937, 279447.33, 4234.05, 29638.35, 277607.00, 1.111937, 89.39, 0),
('AMT10000361', 'ACTF100005', '11', '2006', 1, 311267.80, 251315.79, 1.126493, 283105.48, 4289.48, 34315.82, 276952.00, 1.126493, 87.88, 0),
('AMT10000362', 'ACTF100005', '12', '2006', 1, 316988.65, 251315.79, 1.147197, 288308.72, 4368.31, 39314.83, 277674.00, 1.147197, 86.36, 0),
('AMT10000363', 'ACTF100005', '01', '2007', 1, 323328.43, 251315.79, 1.170141, 294074.91, 4455.68, 44556.80, 278772.00, 1.170141, 84.85, 0),
('AMT10000364', 'ACTF100005', '02', '2007', 1, 325339.18, 251315.79, 1.177418, 295903.73, 4483.39, 49317.29, 276022.00, 1.177418, 83.33, 0),
('AMT10000365', 'ACTF100005', '03', '2007', 1, 327761.37, 251315.79, 1.186184, 298106.77, 4516.77, 54201.23, 273560.00, 1.186184, 81.82, 0),
('AMT10000366', 'ACTF100005', '04', '2007', 2, 329926.58, 251315.79, 1.194020, 300076.08, 4091.95, 58651.23, 271275.00, 1.194020, 80.45, 0),
('AMT10000367', 'ACTF100005', '05', '2007', 2, 335647.42, 251315.79, 1.214724, 305279.32, 4162.90, 63831.13, 271816.00, 1.214724, 79.09, 0),
('AMT10000368', 'ACTF100005', '06', '2007', 2, 341574.95, 251315.79, 1.236176, 310670.55, 4236.42, 69194.80, 272380.00, 1.236176, 77.73, 0),
('AMT10000369', 'ACTF100005', '07', '2007', 2, 343275.95, 251315.79, 1.242332, 312217.65, 4257.51, 73796.90, 269479.00, 1.242332, 76.36, 0),
('AMT10000370', 'ACTF100005', '08', '2007', 2, 346935.47, 251315.79, 1.255576, 315546.07, 4302.90, 78886.52, 268049.00, 1.255576, 75.00, 0),
('AMT10000371', 'ACTF100005', '09', '2007', 2, 351521.76, 251315.79, 1.272174, 319717.41, 4359.78, 84289.14, 267233.00, 1.272174, 73.64, 0),
('AMT10000372', 'ACTF100005', '10', '2007', 2, 360130.66, 251315.79, 1.303330, 327547.41, 4466.56, 90819.96, 269311.00, 1.303330, 72.27, 0),
('AMT10000373', 'ACTF100005', '11', '2007', 2, 375803.57, 251315.79, 1.360051, 341802.29, 4660.94, 99433.39, 276370.00, 1.360051, 70.91, 0),
('AMT10000374', 'ACTF100005', '12', '2007', 2, 388175.05, 251315.79, 1.404824, 353054.45, 4814.38, 107521.13, 280654.00, 1.404824, 69.55, 0),
('AMT10000375', 'ACTF100005', '01', '2008', 2, 400.11, 251315.79, 0.001448, 363.91, 4.96, 115.79, 284.00, 1.448373, 68.18, 1000),
('AMT10000376', 'ACTF100005', '02', '2008', 2, 408.67, 251315.79, 0.001479, 371.70, 5.07, 123.34, 285.00, 1.479279, 66.82, 1000),
('AMT10000377', 'ACTF100005', '03', '2008', 2, 415.86, 251315.79, 0.001505, 378.23, 5.16, 130.66, 285.00, 1.504566, 65.45, 1000),
('AMT10000378', 'ACTF100005', '04', '2008', 3, 422.76, 251315.79, 0.001530, 384.51, 4.66, 137.49, 285.00, 1.529853, 64.24, 1000),
('AMT10000379', 'ACTF100005', '05', '2008', 3, 436.30, 251315.79, 0.001579, 396.83, 4.81, 146.71, 290.00, 1.579022, 63.03, 1000);
INSERT INTO `amortizaciones` (`id_amortiz`, `id_af`, `mes`, `anio`, `periodo`, `costo_hist`, `residual`, `factor_correc`, `revalorizado`, `amortiz_calc`, `amortiz_acum`, `costo_activo`, `factor_original`, `relacion_porc`, `reconversion`) VALUES
('AMT10000380', 'ACTF100005', '06', '2008', 3, 446.80, 251315.79, 0.001617, 406.38, 4.93, 155.16, 292.00, 1.616952, 61.82, 1000),
('AMT10000381', 'ACTF100005', '07', '2008', 3, 455.37, 251315.79, 0.001648, 414.17, 5.02, 163.16, 292.00, 1.647858, 60.61, 1000),
('AMT10000382', 'ACTF100005', '08', '2008', 3, 463.38, 251315.79, 0.001677, 421.46, 5.11, 171.14, 292.00, 1.677359, 59.39, 1000),
('AMT10000383', 'ACTF100005', '09', '2008', 3, 472.78, 251315.79, 0.001711, 430.00, 5.21, 179.82, 293.00, 1.711075, 58.18, 1000),
('AMT10000384', 'ACTF100005', '10', '2008', 3, 484.11, 251315.79, 0.001752, 440.31, 5.34, 189.47, 295.00, 1.751815, 56.97, 1000),
('AMT10000385', 'ACTF100005', '11', '2008', 3, 495.43, 251315.79, 0.001793, 450.61, 5.46, 199.36, 296.00, 1.792555, 55.76, 1000),
('AMT10000386', 'ACTF100005', '12', '2008', 3, 508.14, 251315.79, 0.001839, 462.17, 5.60, 210.08, 298.00, 1.838914, 54.55, 1000),
('AMT10000387', 'ACTF100005', '01', '2009', 3, 519.75, 251315.79, 0.001881, 472.73, 5.73, 220.61, 299.00, 1.881059, 53.33, 1000),
('AMT10000388', 'ACTF100005', '02', '2009', 3, 526.38, 251315.79, 0.001905, 478.76, 5.80, 229.22, 297.00, 1.904941, 52.12, 1000),
('AMT10000389', 'ACTF100005', '03', '2009', 3, 532.46, 251315.79, 0.001927, 484.29, 5.87, 237.74, 295.00, 1.927418, 50.91, 1000),
('AMT10000390', 'ACTF100005', '04', '2009', 4, 542.41, 251315.79, 0.001963, 493.33, 5.23, 247.41, 295.00, 1.962539, 49.85, 1000),
('AMT10000391', 'ACTF100005', '05', '2009', 4, 553.18, 251315.79, 0.002002, 503.13, 5.34, 257.66, 296.00, 2.001874, 48.79, 1000),
('AMT10000392', 'ACTF100005', '06', '2009', 4, 562.86, 251315.79, 0.002037, 511.93, 5.43, 267.60, 295.00, 2.036994, 47.73, 1000),
('AMT10000393', 'ACTF100005', '07', '2009', 4, 574.46, 251315.79, 0.002079, 522.49, 5.54, 278.66, 296.00, 2.079139, 46.67, 1000),
('AMT10000394', 'ACTF100005', '08', '2009', 4, 587.17, 251315.79, 0.002125, 534.05, 5.66, 290.49, 297.00, 2.125498, 45.61, 1000),
('AMT10000395', 'ACTF100005', '09', '2009', 4, 602.09, 251315.79, 0.002179, 547.62, 5.81, 303.68, 298.00, 2.178881, 44.55, 1000),
('AMT10000396', 'ACTF100005', '10', '2009', 4, 613.42, 251315.79, 0.002220, 557.92, 5.92, 315.31, 298.00, 2.219621, 43.48, 1000),
('AMT10000397', 'ACTF100005', '11', '2009', 4, 625.03, 251315.79, 0.002262, 568.48, 6.03, 327.31, 298.00, 2.261766, 42.42, 1000),
('AMT10000398', 'ACTF100005', '12', '2009', 4, 635.53, 251315.79, 0.002300, 578.03, 6.13, 338.94, 297.00, 2.299696, 41.36, 1000),
('AMT10000399', 'ACTF100005', '01', '2010', 4, 646.30, 251315.79, 0.002339, 587.83, 6.23, 350.92, 295.00, 2.339031, 40.30, 1000),
('AMT10000400', 'ACTF100005', '02', '2010', 4, 656.53, 251315.79, 0.002376, 597.13, 6.33, 362.80, 294.00, 2.375557, 39.24, 1000),
('AMT10000401', 'ACTF100005', '03', '2010', 4, 672.28, 251315.79, 0.002433, 611.45, 6.49, 377.99, 294.00, 2.433154, 38.18, 1000),
('AMT10000402', 'ACTF100005', '04', '2010', 5, 707.37, 251315.79, 0.002560, 643.37, 5.85, 403.57, 304.00, 2.559589, 37.27, 1000),
('AMT10000403', 'ACTF100005', '05', '2010', 5, 725.88, 251315.79, 0.002627, 660.21, 6.00, 420.13, 306.00, 2.627020, 36.36, 1000),
('AMT10000404', 'ACTF100005', '06', '2010', 5, 739.14, 251315.79, 0.002675, 672.27, 6.11, 433.92, 305.00, 2.674784, 35.45, 1000),
('AMT10000405', 'ACTF100005', '07', '2010', 5, 749.64, 251315.79, 0.002713, 681.82, 6.20, 446.28, 303.00, 2.712714, 34.55, 1000),
('AMT10000406', 'ACTF100005', '08', '2010', 5, 761.53, 251315.79, 0.002756, 692.63, 6.30, 459.65, 302.00, 2.756264, 33.64, 1000),
('AMT10000407', 'ACTF100005', '09', '2010', 5, 770.09, 251315.79, 0.002787, 700.42, 6.37, 471.19, 299.00, 2.787170, 32.73, 1000),
('AMT10000408', 'ACTF100005', '10', '2010', 5, 781.70, 251315.79, 0.002829, 710.97, 6.46, 484.75, 297.00, 2.829315, 31.82, 1000),
('AMT10000409', 'ACTF100005', '11', '2010', 5, 793.86, 251315.79, 0.002873, 722.03, 6.56, 498.86, 295.00, 2.872864, 30.91, 1000),
('AMT10000410', 'ACTF100005', '12', '2010', 5, 808.22, 251315.79, 0.002925, 735.10, 6.68, 514.57, 294.00, 2.924843, 30.00, 1000),
('AMT10000411', 'ACTF100005', '01', '2011', 5, 830.33, 251315.79, 0.003005, 755.20, 6.87, 535.51, 295.00, 3.004918, 29.09, 1000),
('AMT10000412', 'ACTF100005', '02', '2011', 5, 844.70, 251315.79, 0.003057, 768.27, 6.98, 551.76, 293.00, 3.056896, 28.18, 1000),
('AMT10000413', 'ACTF100005', '03', '2011', 5, 856.58, 251315.79, 0.003100, 779.08, 7.08, 566.60, 290.00, 3.100446, 27.27, 1000),
('AMT10000414', 'ACTF100005', '04', '2011', 6, 869.01, 251315.79, 0.003145, 790.39, 5.99, 580.82, 288.00, 3.145400, 26.52, 1000),
('AMT10000415', 'ACTF100005', '05', '2011', 6, 891.12, 251315.79, 0.003225, 810.49, 6.14, 601.73, 289.00, 3.225475, 25.76, 1000),
('AMT10000416', 'ACTF100005', '06', '2011', 6, 913.50, 251315.79, 0.003306, 830.85, 6.29, 623.14, 290.00, 3.305550, 25.00, 1000),
('AMT10000417', 'ACTF100005', '07', '2011', 6, 937.82, 251315.79, 0.003394, 852.97, 6.46, 646.19, 292.00, 3.394054, 24.24, 1000),
('AMT10000418', 'ACTF100005', '08', '2011', 6, 958.54, 251315.79, 0.003469, 871.81, 6.60, 667.07, 291.00, 3.468509, 23.48, 1000),
('AMT10000419', 'ACTF100005', '09', '2011', 6, 974.01, 251315.79, 0.003525, 885.89, 6.71, 684.55, 289.00, 3.524702, 22.73, 1000),
('AMT10000420', 'ACTF100005', '10', '2011', 6, 991.70, 251315.79, 0.003589, 901.97, 6.83, 703.81, 288.00, 3.589324, 21.97, 1000),
('AMT10000421', 'ACTF100005', '11', '2011', 6, 1013.25, 251315.79, 0.003667, 921.58, 6.98, 726.09, 287.00, 3.666590, 21.21, 1000),
('AMT10000422', 'ACTF100005', '12', '2011', 6, 1030.93, 251315.79, 0.003731, 937.66, 7.10, 745.87, 285.00, 3.731211, 20.45, 1000),
('AMT10000423', 'ACTF100005', '01', '2012', 6, 1046.41, 251315.79, 0.003787, 951.73, 7.21, 764.27, 282.00, 3.787404, 19.70, 1000),
('AMT10000424', 'ACTF100005', '02', '2012', 6, 1058.29, 251315.79, 0.003830, 962.54, 7.29, 780.24, 278.00, 3.829549, 18.94, 1000),
('AMT10000425', 'ACTF100005', '03', '2012', 6, 1067.41, 251315.79, 0.003863, 970.83, 7.35, 794.32, 273.00, 3.863265, 18.18, 1000),
('AMT10000426', 'ACTF100005', '04', '2012', 7, 1075.97, 251315.79, 0.003894, 978.62, 5.93, 806.62, 269.00, 3.894171, 17.58, 1000),
('AMT10000427', 'ACTF100005', '05', '2012', 7, 1092.83, 251315.79, 0.003955, 993.95, 6.02, 825.28, 268.00, 3.954578, 16.97, 1000),
('AMT10000428', 'ACTF100005', '06', '2012', 7, 1108.30, 251315.79, 0.004011, 1008.03, 6.11, 843.08, 265.00, 4.010771, 16.36, 1000),
('AMT10000429', 'ACTF100005', '07', '2012', 7, 1119.63, 251315.79, 0.004052, 1018.33, 6.17, 857.87, 262.00, 4.051511, 15.76, 1000),
('AMT10000430', 'ACTF100005', '08', '2012', 7, 1131.51, 251315.79, 0.004095, 1029.14, 6.24, 873.21, 258.00, 4.095061, 15.15, 1000),
('AMT10000431', 'ACTF100005', '09', '2012', 7, 1149.47, 251315.79, 0.004160, 1045.47, 6.34, 893.40, 256.00, 4.159683, 14.55, 1000),
('AMT10000432', 'ACTF100005', '10', '2012', 7, 1169.09, 251315.79, 0.004231, 1063.32, 6.44, 915.10, 254.00, 4.231329, 13.94, 1000),
('AMT10000433', 'ACTF100005', '11', '2012', 7, 1195.89, 251315.79, 0.004328, 1087.69, 6.59, 942.66, 253.00, 4.328261, 13.33, 1000),
('AMT10000434', 'ACTF100005', '12', '2012', 7, 1237.89, 251315.79, 0.004480, 1125.89, 6.82, 982.59, 255.00, 4.479982, 12.73, 1000),
('AMT10000435', 'ACTF100005', '01', '2013', 7, 1278.51, 251315.79, 0.004627, 1162.84, 7.05, 1021.89, 257.00, 4.627489, 12.12, 1000),
('AMT10000436', 'ACTF100005', '02', '2013', 7, 1299.51, 251315.79, 0.004703, 1181.94, 7.16, 1045.84, 254.00, 4.703349, 11.52, 1000),
('AMT10000437', 'ACTF100005', '03', '2013', 7, 1335.71, 251315.79, 0.004834, 1214.86, 7.36, 1082.33, 253.00, 4.833998, 10.91, 1000),
('AMT10000438', 'ACTF100005', '04', '2013', 8, 1392.91, 251315.79, 0.005041, 1266.88, 5.76, 1134.43, 258.00, 5.040507, 10.45, 1000),
('AMT10000439', 'ACTF100005', '05', '2013', 8, 1477.74, 251315.79, 0.005348, 1344.04, 6.11, 1209.64, 268.00, 5.348163, 10.00, 1000),
('AMT10000440', 'ACTF100005', '06', '2013', 8, 1547.37, 251315.79, 0.005600, 1407.37, 6.40, 1273.03, 274.00, 5.599627, 9.55, 1000),
('AMT10000441', 'ACTF100005', '07', '2013', 8, 1596.55, 251315.79, 0.005778, 1452.10, 6.60, 1320.09, 276.00, 5.778039, 9.09, 1000),
('AMT10000442', 'ACTF100005', '08', '2013', 8, 1644.63, 251315.79, 0.005952, 1495.83, 6.80, 1366.64, 278.00, 5.952237, 8.64, 1000),
('AMT10000443', 'ACTF100005', '09', '2013', 8, 1717.03, 251315.79, 0.006214, 1561.68, 7.10, 1433.91, 283.00, 6.213535, 8.18, 1000),
('AMT10000444', 'ACTF100005', '10', '2013', 8, 1804.62, 251315.79, 0.006531, 1641.34, 7.46, 1514.51, 290.00, 6.531025, 7.73, 1000),
('AMT10000445', 'ACTF100005', '11', '2013', 8, 1891.66, 251315.79, 0.006846, 1720.51, 7.82, 1595.38, 296.00, 6.845705, 7.27, 1000),
('AMT10000446', 'ACTF100005', '12', '2013', 8, 1933.38, 251315.79, 0.006997, 1758.46, 7.99, 1638.57, 295.00, 6.997426, 6.82, 1000),
('AMT10000447', 'ACTF100005', '01', '2014', 8, 1998.04, 251315.79, 0.007231, 1817.26, 8.26, 1701.62, 296.00, 7.230627, 6.36, 1000),
('AMT10000448', 'ACTF100005', '02', '2014', 8, 2045.01, 251315.79, 0.007401, 1859.99, 8.45, 1750.08, 295.00, 7.400611, 5.91, 1000),
('AMT10000449', 'ACTF100005', '03', '2014', 8, 2128.46, 251315.79, 0.007703, 1935.89, 8.80, 1830.30, 298.00, 7.702648, 5.45, 1000),
('AMT10000450', 'ACTF100005', '04', '2014', 9, 2249.21, 251315.79, 0.008140, 2045.71, 6.20, 1940.32, 309.00, 8.139548, 5.15, 1000),
('AMT10000451', 'ACTF100005', '05', '2014', 9, 2377.97, 251315.79, 0.008606, 2162.82, 6.55, 2057.96, 320.00, 8.605949, 4.85, 1000),
('AMT10000452', 'ACTF100005', '06', '2014', 9, 2483.25, 251315.79, 0.008987, 2258.58, 6.84, 2155.92, 327.00, 8.986656, 4.55, 1000),
('AMT10000453', 'ACTF100005', '07', '2014', 9, 2586.04, 251315.79, 0.009359, 2352.06, 7.13, 2252.28, 334.00, 9.358935, 4.24, 1000),
('AMT10000454', 'ACTF100005', '08', '2014', 9, 2687.72, 251315.79, 0.009727, 2444.55, 7.41, 2348.25, 339.00, 9.726998, 3.94, 1000),
('AMT10000455', 'ACTF100005', '09', '2014', 9, 2815.93, 251315.79, 0.010191, 2561.16, 7.76, 2468.03, 348.00, 10.190590, 3.64, 1000),
('AMT10000456', 'ACTF100005', '10', '2014', 9, 2957.13, 251315.79, 0.010702, 2689.58, 8.15, 2599.93, 357.00, 10.701946, 3.33, 1000),
('AMT10000457', 'ACTF100005', '11', '2014', 9, 3095.01, 251315.79, 0.011201, 2814.99, 8.53, 2729.69, 365.00, 11.200658, 3.03, 1000),
('AMT10000458', 'ACTF100005', '12', '2014', 9, 3258.59, 251315.79, 0.011793, 2963.77, 8.98, 2882.94, 376.00, 11.793494, 2.73, 1000),
('AMT10000459', 'ACTF100005', '01', '2015', 9, 3512.25, 251315.79, 0.012711, 3194.48, 9.68, 3117.04, 395.00, 12.710844, 2.42, 1000),
('AMT10000460', 'ACTF100005', '02', '2015', 9, 3684.12, 251315.79, 0.013333, 3350.79, 10.15, 3279.71, 404.00, 13.333180, 2.12, 1000),
('AMT10000461', 'ACTF100005', '03', '2015', 9, 3882.51, 251315.79, 0.014051, 3531.24, 10.70, 3467.04, 415.00, 14.051045, 1.82, 1000),
('AMT10000462', 'ACTF100005', '04', '2015', 10, 4129.54, 251315.79, 0.014945, 3755.91, 5.69, 3693.31, 436.00, 14.944513, 1.67, 1000),
('AMT10000463', 'ACTF100005', '05', '2015', 10, 4459.46, 251315.79, 0.016139, 4055.99, 6.15, 3994.54, 465.00, 16.138613, 1.52, 1000),
('AMT10000464', 'ACTF100005', '06', '2015', 10, 4897.14, 251315.79, 0.017723, 4454.07, 6.75, 4393.33, 504.00, 17.723254, 1.36, 1000),
('AMT10000465', 'ACTF100005', '07', '2015', 10, 5424.63, 251315.79, 0.019632, 4933.83, 7.48, 4874.03, 551.00, 19.632409, 1.21, 1000),
('AMT10000466', 'ACTF100005', '08', '2015', 10, 6097.46, 251315.79, 0.022067, 5545.79, 8.40, 5486.97, 610.00, 22.066969, 1.06, 1000),
('AMT10000467', 'ACTF100005', '09', '2015', 10, 6801.24, 251315.79, 0.024614, 6185.89, 9.37, 6129.65, 672.00, 24.613914, 0.91, 1000),
('AMT10000468', 'ACTF100005', '10', '2015', 10, 7574.37, 251315.79, 0.027412, 6889.07, 10.44, 6836.88, 737.00, 27.412322, 0.76, 1000),
('AMT10000469', 'ACTF100005', '11', '2015', 10, 8417.68, 251315.79, 0.030464, 7656.08, 11.60, 7609.68, 808.00, 30.463599, 0.61, 1000),
('AMT10000470', 'ACTF100005', '12', '2015', 10, 9152.68, 251315.79, 0.033124, 8324.58, 12.61, 8286.74, 866.00, 33.124335, 0.45, 1000),
('AMT10000471', 'ACTF100005', '01', '2016', 10, 10001.25, 251315.79, 0.036195, 9096.38, 13.78, 9068.82, 932.00, 36.195279, 0.30, 1000),
('AMT10000472', 'ACTF100005', '02', '2016', 10, 10873.30, 251315.79, 0.039351, 9889.53, 14.98, 9874.55, 999.00, 39.350513, 0.15, 1000),
('AMT10000473', 'ACTF100005', '03', '2016', 10, 12018.63, 251315.79, 0.043496, 10931.23, 16.56, 10931.23, 1087.00, 43.496147, 0.00, 1000),
('AMT10000474', 'ACTF100006', '06', '2005', 0, 0.00, 0.00, 0.000000, 0.00, 0.00, 0.00, 1079130.44, 0.000000, 100.00, 0),
('AMT10000475', 'ACTF100006', '06', '2005', 1, 1079130.44, 929130.44, 1.000000, 929130.44, 11911.93, 11911.93, 1067219.00, 1.000000, 98.72, 0),
('AMT10000476', 'ACTF100006', '07', '2005', 1, 1088475.71, 929130.44, 1.008660, 937176.71, 12015.09, 24030.17, 1064446.00, 1.008660, 97.44, 0),
('AMT10000477', 'ACTF100006', '08', '2005', 1, 1098914.14, 929130.44, 1.018333, 946164.19, 12130.31, 36390.93, 1062523.00, 1.018333, 96.15, 0),
('AMT10000478', 'ACTF100006', '09', '2005', 1, 1115221.96, 929130.44, 1.033445, 960205.21, 12310.32, 49241.29, 1065981.00, 1.033445, 94.87, 0),
('AMT10000479', 'ACTF100006', '10', '2005', 1, 1122181.27, 929130.44, 1.039894, 966197.17, 12387.14, 61935.72, 1060246.00, 1.039894, 93.59, 0),
('AMT10000480', 'ACTF100006', '11', '2005', 1, 1134143.43, 929130.44, 1.050979, 976496.58, 12519.19, 75115.12, 1059028.00, 1.050979, 92.31, 0),
('AMT10000481', 'ACTF100006', '12', '2005', 1, 1143058.13, 929130.44, 1.059240, 984172.13, 12617.59, 88323.14, 1054735.00, 1.059240, 91.03, 0),
('AMT10000482', 'ACTF100006', '01', '2006', 1, 1147826.80, 929130.44, 1.063659, 988277.95, 12670.23, 101361.84, 1046465.00, 1.063659, 89.74, 0),
('AMT10000483', 'ACTF100006', '02', '2006', 1, 1151962.03, 929130.44, 1.067491, 991838.38, 12715.88, 114442.89, 1037519.00, 1.067491, 88.46, 0),
('AMT10000484', 'ACTF100006', '03', '2006', 1, 1158260.92, 929130.44, 1.073328, 997261.72, 12785.41, 127854.07, 1030407.00, 1.073328, 87.18, 0),
('AMT10000485', 'ACTF100006', '04', '2006', 1, 1165441.45, 929130.44, 1.079982, 1003444.15, 12864.67, 141511.35, 1023930.00, 1.079982, 85.90, 0),
('AMT10000486', 'ACTF100006', '05', '2006', 1, 1184356.45, 929130.44, 1.097510, 1019729.95, 13073.46, 156881.53, 1027475.00, 1.097510, 84.62, 0),
('AMT10000487', 'ACTF100006', '06', '2006', 2, 1206314.60, 929130.44, 1.117858, 1038635.90, 12206.19, 171996.33, 1034318.00, 1.117858, 83.44, 0),
('AMT10000488', 'ACTF100006', '07', '2006', 2, 1235229.90, 929130.44, 1.144653, 1063531.95, 12498.77, 188617.85, 1046612.00, 1.144653, 82.26, 0),
('AMT10000489', 'ACTF100006', '08', '2006', 2, 1262405.64, 929130.44, 1.169836, 1086930.24, 12773.75, 205541.30, 1056864.00, 1.169836, 81.09, 0),
('AMT10000490', 'ACTF100006', '09', '2006', 2, 1286327.80, 929130.44, 1.192004, 1107527.20, 13015.81, 222452.04, 1063876.00, 1.192004, 79.91, 0),
('AMT10000491', 'ACTF100006', '10', '2006', 2, 1295898.61, 929130.44, 1.200873, 1115767.66, 13112.65, 237219.83, 1058679.00, 1.200873, 78.74, 0),
('AMT10000492', 'ACTF100006', '11', '2006', 2, 1312861.46, 929130.44, 1.216592, 1130372.66, 13284.29, 253609.25, 1059252.00, 1.216592, 77.56, 0),
('AMT10000493', 'ACTF100006', '12', '2006', 2, 1336991.90, 929130.44, 1.238953, 1151148.95, 13528.46, 271799.06, 1065193.00, 1.238953, 76.39, 0),
('AMT10000494', 'ACTF100006', '01', '2007', 2, 1363731.67, 929130.44, 1.263732, 1174171.87, 13799.03, 291034.05, 1072698.00, 1.263732, 75.21, 0),
('AMT10000495', 'ACTF100006', '02', '2007', 2, 1372212.56, 929130.44, 1.271591, 1181473.91, 13884.84, 306728.80, 1065484.00, 1.271591, 74.04, 0),
('AMT10000496', 'ACTF100006', '03', '2007', 2, 1382428.68, 929130.44, 1.281058, 1190269.98, 13988.22, 323000.61, 1059428.00, 1.281058, 72.86, 0),
('AMT10000497', 'ACTF100006', '04', '2007', 2, 1391560.28, 929130.44, 1.289520, 1198132.28, 14080.61, 339214.80, 1052345.00, 1.289520, 71.69, 0),
('AMT10000498', 'ACTF100006', '05', '2007', 2, 1415689.64, 929130.44, 1.311880, 1218907.64, 14324.77, 359421.48, 1056268.00, 1.311880, 70.51, 0),
('AMT10000499', 'ACTF100006', '06', '2007', 3, 1440690.94, 929130.44, 1.335048, 1240433.74, 13252.50, 379021.42, 1061670.00, 1.335048, 69.44, 0),
('AMT10000500', 'ACTF100006', '07', '2007', 3, 1447866.07, 929130.44, 1.341697, 1246611.52, 13318.50, 394227.57, 1053638.00, 1.341697, 68.38, 0),
('AMT10000501', 'ACTF100006', '08', '2007', 3, 1463299.80, 929130.44, 1.355999, 1259899.95, 13460.47, 411890.37, 1051409.00, 1.355999, 67.31, 0),
('AMT10000502', 'ACTF100006', '09', '2007', 3, 1482645.37, 929130.44, 1.373926, 1276556.47, 13638.42, 430974.19, 1051671.00, 1.373926, 66.24, 0),
('AMT10000503', 'ACTF100006', '10', '2007', 3, 1518954.87, 929130.44, 1.407573, 1307818.92, 13972.42, 455501.03, 1063454.00, 1.407573, 65.17, 0),
('AMT10000504', 'ACTF100006', '11', '2007', 3, 1585060.24, 929130.44, 1.468831, 1364735.59, 14580.51, 489905.08, 1095155.00, 1.468831, 64.10, 0),
('AMT10000505', 'ACTF100006', '12', '2007', 3, 1637240.52, 929130.44, 1.517185, 1409662.77, 15060.50, 521093.29, 1116147.00, 1.517185, 63.03, 0),
('AMT10000506', 'ACTF100006', '01', '2008', 3, 1687.76, 929130.44, 0.001564, 1453.16, 15.53, 552.70, 1135.00, 1.564217, 61.97, 1000),
('AMT10000507', 'ACTF100006', '02', '2008', 3, 1724.45, 929130.44, 0.001598, 1484.75, 15.86, 580.58, 1144.00, 1.597595, 60.90, 1000),
('AMT10000508', 'ACTF100006', '03', '2008', 3, 1753.59, 929130.44, 0.001625, 1509.84, 16.13, 606.52, 1147.00, 1.624905, 59.83, 1000),
('AMT10000509', 'ACTF100006', '04', '2008', 3, 1782.72, 929130.44, 0.001652, 1534.92, 16.40, 632.99, 1150.00, 1.652214, 58.76, 1000),
('AMT10000510', 'ACTF100006', '05', '2008', 3, 1839.92, 929130.44, 0.001705, 1584.17, 16.92, 670.23, 1170.00, 1.705315, 57.69, 1000),
('AMT10000511', 'ACTF100006', '06', '2008', 4, 1884.16, 929130.44, 0.001746, 1622.26, 15.60, 701.94, 1182.00, 1.746279, 56.73, 1000),
('AMT10000512', 'ACTF100006', '07', '2008', 4, 1920.85, 929130.44, 0.001780, 1653.85, 15.90, 731.51, 1189.00, 1.779657, 55.77, 1000),
('AMT10000513', 'ACTF100006', '08', '2008', 4, 1955.38, 929130.44, 0.001812, 1683.58, 16.19, 760.85, 1195.00, 1.811518, 54.81, 1000),
('AMT10000514', 'ACTF100006', '09', '2008', 4, 1994.23, 929130.44, 0.001848, 1717.03, 16.51, 792.48, 1202.00, 1.847931, 53.85, 1000),
('AMT10000515', 'ACTF100006', '10', '2008', 4, 2041.71, 929130.44, 0.001892, 1757.91, 16.90, 828.25, 1213.00, 1.891929, 52.88, 1000),
('AMT10000516', 'ACTF100006', '11', '2008', 4, 2089.20, 929130.44, 0.001936, 1798.80, 17.30, 864.81, 1224.00, 1.935927, 51.92, 1000),
('AMT10000517', 'ACTF100006', '12', '2008', 4, 2143.15, 929130.44, 0.001986, 1845.25, 17.74, 904.88, 1238.00, 1.985995, 50.96, 1000),
('AMT10000518', 'ACTF100006', '01', '2009', 4, 2192.79, 929130.44, 0.002032, 1887.99, 18.15, 944.00, 1249.00, 2.031510, 50.00, 1000),
('AMT10000519', 'ACTF100006', '02', '2009', 4, 2219.77, 929130.44, 0.002057, 1911.22, 18.38, 973.99, 1246.00, 2.057302, 49.04, 1000),
('AMT10000520', 'ACTF100006', '03', '2009', 4, 2246.75, 929130.44, 0.002082, 1934.45, 18.60, 1004.43, 1242.00, 2.081577, 48.08, 1000),
('AMT10000521', 'ACTF100006', '04', '2009', 4, 2287.76, 929130.44, 0.002120, 1969.76, 18.94, 1041.70, 1246.00, 2.119507, 47.12, 1000),
('AMT10000522', 'ACTF100006', '05', '2009', 4, 2333.08, 929130.44, 0.002162, 2008.78, 19.32, 1081.65, 1251.00, 2.161988, 46.15, 1000),
('AMT10000523', 'ACTF100006', '06', '2009', 5, 2374.09, 929130.44, 0.002200, 2044.09, 17.47, 1118.13, 1256.00, 2.199918, 45.30, 1000),
('AMT10000524', 'ACTF100006', '07', '2009', 5, 2422.65, 929130.44, 0.002245, 2085.90, 17.83, 1158.83, 1264.00, 2.245433, 44.44, 1000),
('AMT10000525', 'ACTF100006', '08', '2009', 5, 2477.68, 929130.44, 0.002296, 2133.28, 18.23, 1203.39, 1274.00, 2.295500, 43.59, 1000),
('AMT10000526', 'ACTF100006', '09', '2009', 5, 2539.19, 929130.44, 0.002353, 2186.24, 18.69, 1251.95, 1287.00, 2.353153, 42.74, 1000),
('AMT10000527', 'ACTF100006', '10', '2009', 5, 2586.68, 929130.44, 0.002397, 2227.13, 19.04, 1294.40, 1292.00, 2.397152, 41.88, 1000),
('AMT10000528', 'ACTF100006', '11', '2009', 5, 2636.32, 929130.44, 0.002443, 2269.87, 19.40, 1338.64, 1298.00, 2.442667, 41.03, 1000),
('AMT10000529', 'ACTF100006', '12', '2009', 5, 2680.56, 929130.44, 0.002484, 2307.96, 19.73, 1380.83, 1300.00, 2.483631, 40.17, 1000),
('AMT10000530', 'ACTF100006', '01', '2010', 5, 2725.88, 929130.44, 0.002526, 2346.98, 20.06, 1424.24, 1302.00, 2.526112, 39.32, 1000),
('AMT10000531', 'ACTF100006', '02', '2010', 5, 2769.05, 929130.44, 0.002566, 2384.15, 20.38, 1467.17, 1302.00, 2.565559, 38.46, 1000),
('AMT10000532', 'ACTF100006', '03', '2010', 5, 2835.95, 929130.44, 0.002628, 2441.75, 20.87, 1523.49, 1312.00, 2.627764, 37.61, 1000),
('AMT10000533', 'ACTF100006', '04', '2010', 5, 2982.72, 929130.44, 0.002764, 2568.12, 21.95, 1624.28, 1358.00, 2.764310, 36.75, 1000),
('AMT10000534', 'ACTF100006', '05', '2010', 5, 3061.49, 929130.44, 0.002837, 2635.94, 22.53, 1689.71, 1372.00, 2.837135, 35.90, 1000),
('AMT10000535', 'ACTF100006', '06', '2010', 6, 3117.61, 929130.44, 0.002889, 2684.26, 20.07, 1740.75, 1377.00, 2.888719, 35.15, 1000),
('AMT10000536', 'ACTF100006', '07', '2010', 6, 3161.85, 929130.44, 0.002930, 2722.35, 20.36, 1785.82, 1376.00, 2.929683, 34.40, 1000),
('AMT10000537', 'ACTF100006', '08', '2010', 6, 3212.57, 929130.44, 0.002977, 2766.02, 20.69, 1835.15, 1377.00, 2.976716, 33.65, 1000),
('AMT10000538', 'ACTF100006', '09', '2010', 6, 3248.18, 929130.44, 0.003010, 2796.68, 20.92, 1876.40, 1372.00, 3.010094, 32.91, 1000),
('AMT10000539', 'ACTF100006', '10', '2010', 6, 3297.82, 929130.44, 0.003056, 2839.42, 21.23, 1926.32, 1372.00, 3.055610, 32.16, 1000),
('AMT10000540', 'ACTF100006', '11', '2010', 6, 3348.54, 929130.44, 0.003103, 2883.09, 21.56, 1977.50, 1371.00, 3.102642, 31.41, 1000),
('AMT10000541', 'ACTF100006', '12', '2010', 6, 3408.97, 929130.44, 0.003159, 2935.12, 21.95, 2035.14, 1374.00, 3.158778, 30.66, 1000),
('AMT10000542', 'ACTF100006', '01', '2011', 6, 3501.78, 929130.44, 0.003245, 3015.03, 22.55, 2113.10, 1389.00, 3.245258, 29.91, 1000),
('AMT10000543', 'ACTF100006', '02', '2011', 6, 3562.21, 929130.44, 0.003301, 3067.06, 22.94, 2172.50, 1390.00, 3.301394, 29.17, 1000),
('AMT10000544', 'ACTF100006', '03', '2011', 6, 3612.93, 929130.44, 0.003348, 3110.73, 23.26, 2226.70, 1386.00, 3.348426, 28.42, 1000),
('AMT10000545', 'ACTF100006', '04', '2011', 6, 3665.81, 929130.44, 0.003397, 3156.26, 23.60, 2282.89, 1383.00, 3.396976, 27.67, 1000),
('AMT10000546', 'ACTF100006', '05', '2011', 6, 3758.61, 929130.44, 0.003483, 3236.16, 24.20, 2364.89, 1394.00, 3.483456, 26.92, 1000),
('AMT10000547', 'ACTF100006', '06', '2011', 7, 3852.50, 929130.44, 0.003570, 3317.00, 21.26, 2445.22, 1407.00, 3.569935, 26.28, 1000),
('AMT10000548', 'ACTF100006', '07', '2011', 7, 3956.09, 929130.44, 0.003666, 3406.19, 21.83, 2532.81, 1423.00, 3.665518, 25.64, 1000),
('AMT10000549', 'ACTF100006', '08', '2011', 7, 4042.42, 929130.44, 0.003746, 3480.52, 22.31, 2610.39, 1432.00, 3.745929, 25.00, 1000),
('AMT10000550', 'ACTF100006', '09', '2011', 7, 4108.25, 929130.44, 0.003807, 3537.20, 22.67, 2675.57, 1433.00, 3.806616, 24.36, 1000),
('AMT10000551', 'ACTF100006', '10', '2011', 7, 4182.71, 929130.44, 0.003876, 3601.31, 23.09, 2747.15, 1436.00, 3.876406, 23.72, 1000),
('AMT10000552', 'ACTF100006', '11', '2011', 7, 4273.36, 929130.44, 0.003960, 3679.36, 23.59, 2830.28, 1443.00, 3.959852, 23.08, 1000),
('AMT10000553', 'ACTF100006', '12', '2011', 7, 4348.90, 929130.44, 0.004030, 3744.40, 24.00, 2904.31, 1445.00, 4.029642, 22.44, 1000),
('AMT10000554', 'ACTF100006', '01', '2012', 7, 4413.64, 929130.44, 0.004090, 3800.14, 24.36, 2971.90, 1442.00, 4.090329, 21.79, 1000),
('AMT10000555', 'ACTF100006', '02', '2012', 7, 4463.28, 929130.44, 0.004136, 3842.88, 24.63, 3029.96, 1433.00, 4.135845, 21.15, 1000),
('AMT10000556', 'ACTF100006', '03', '2012', 7, 4502.13, 929130.44, 0.004172, 3876.33, 24.85, 3081.19, 1421.00, 4.172257, 20.51, 1000),
('AMT10000557', 'ACTF100006', '04', '2012', 7, 4538.82, 929130.44, 0.004206, 3907.92, 25.05, 3131.35, 1407.00, 4.205635, 19.87, 1000),
('AMT10000558', 'ACTF100006', '05', '2012', 7, 4608.97, 929130.44, 0.004271, 3968.32, 25.44, 3205.18, 1404.00, 4.270874, 19.23, 1000),
('AMT10000559', 'ACTF100006', '06', '2012', 8, 4674.79, 929130.44, 0.004332, 4024.99, 21.50, 3272.45, 1402.00, 4.331562, 18.70, 1000),
('AMT10000560', 'ACTF100006', '07', '2012', 8, 4722.27, 929130.44, 0.004376, 4065.87, 21.72, 3327.41, 1395.00, 4.375560, 18.16, 1000),
('AMT10000561', 'ACTF100006', '08', '2012', 8, 4772.99, 929130.44, 0.004423, 4109.54, 21.95, 3385.10, 1388.00, 4.422593, 17.63, 1000),
('AMT10000562', 'ACTF100006', '09', '2012', 8, 4847.45, 929130.44, 0.004492, 4173.65, 22.30, 3460.21, 1387.00, 4.492383, 17.09, 1000),
('AMT10000563', 'ACTF100006', '10', '2012', 8, 4931.63, 929130.44, 0.004570, 4246.13, 22.68, 3542.98, 1389.00, 4.569760, 16.56, 1000),
('AMT10000564', 'ACTF100006', '11', '2012', 8, 5043.86, 929130.44, 0.004674, 4342.76, 23.20, 3646.80, 1397.00, 4.674446, 16.03, 1000),
('AMT10000565', 'ACTF100006', '12', '2012', 8, 5220.83, 929130.44, 0.004838, 4495.13, 24.01, 3798.77, 1422.00, 4.838301, 15.49, 1000),
('AMT10000566', 'ACTF100006', '01', '2013', 8, 5393.49, 929130.44, 0.004998, 4643.79, 24.81, 3949.21, 1444.00, 4.997606, 14.96, 1000),
('AMT10000567', 'ACTF100006', '02', '2013', 8, 5481.98, 929130.44, 0.005080, 4719.98, 25.21, 4039.21, 1443.00, 5.079534, 14.42, 1000),
('AMT10000568', 'ACTF100006', '03', '2013', 8, 5634.14, 929130.44, 0.005221, 4850.99, 25.91, 4177.24, 1457.00, 5.220632, 13.89, 1000),
('AMT10000569', 'ACTF100006', '04', '2013', 8, 5874.79, 929130.44, 0.005444, 5058.19, 27.02, 4382.68, 1492.00, 5.443658, 13.35, 1000),
('AMT10000570', 'ACTF100006', '05', '2013', 8, 6233.06, 929130.44, 0.005776, 5366.66, 28.67, 4678.63, 1554.00, 5.775921, 12.82, 1000),
('AMT10000571', 'ACTF100006', '06', '2013', 9, 6525.50, 929130.44, 0.006047, 5618.45, 24.01, 4922.15, 1603.00, 6.047497, 12.39, 1000),
('AMT10000572', 'ACTF100006', '07', '2013', 9, 6733.77, 929130.44, 0.006240, 5797.77, 24.78, 5104.02, 1630.00, 6.240180, 11.97, 1000),
('AMT10000573', 'ACTF100006', '08', '2013', 9, 6936.65, 929130.44, 0.006428, 5972.45, 25.52, 5283.32, 1653.00, 6.428311, 11.54, 1000),
('AMT10000574', 'ACTF100006', '09', '2013', 9, 7242.04, 929130.44, 0.006711, 6235.39, 26.65, 5542.57, 1699.00, 6.710507, 11.11, 1000),
('AMT10000575', 'ACTF100006', '10', '2013', 9, 7611.11, 929130.44, 0.007053, 6553.16, 28.00, 5853.04, 1758.00, 7.053391, 10.68, 1000),
('AMT10000576', 'ACTF100006', '11', '2013', 9, 7978.01, 929130.44, 0.007393, 6869.06, 29.35, 6164.54, 1813.00, 7.393240, 10.26, 1000),
('AMT10000577', 'ACTF100006', '12', '2013', 9, 8154.99, 929130.44, 0.007557, 7021.44, 30.01, 6331.30, 1824.00, 7.557096, 9.83, 1000),
('AMT10000578', 'ACTF100006', '01', '2014', 9, 8426.93, 929130.44, 0.007809, 7255.58, 31.01, 6573.43, 1853.00, 7.808949, 9.40, 1000),
('AMT10000579', 'ACTF100006', '02', '2014', 9, 8625.49, 929130.44, 0.007993, 7426.54, 31.74, 6760.06, 1865.00, 7.992528, 8.97, 1000),
('AMT10000580', 'ACTF100006', '03', '2014', 9, 8977.29, 929130.44, 0.008319, 7729.44, 33.03, 7068.80, 1908.00, 8.318723, 8.55, 1000),
('AMT10000581', 'ACTF100006', '04', '2014', 9, 9486.64, 929130.44, 0.008791, 8167.99, 34.91, 7504.78, 1982.00, 8.790567, 8.12, 1000),
('AMT10000582', 'ACTF100006', '05', '2014', 9, 10029.44, 929130.44, 0.009294, 8635.34, 36.90, 7971.08, 2058.00, 9.294272, 7.69, 1000),
('AMT10000583', 'ACTF100006', '06', '2014', 10, 10472.96, 929130.44, 0.009705, 9017.21, 28.90, 8352.48, 2120.00, 9.705429, 7.37, 1000),
('AMT10000584', 'ACTF100006', '07', '2014', 10, 10906.77, 929130.44, 0.010107, 9390.72, 30.10, 8728.55, 2178.00, 10.107483, 7.05, 1000),
('AMT10000585', 'ACTF100006', '08', '2014', 10, 11336.27, 929130.44, 0.010505, 9760.52, 31.28, 9103.56, 2233.00, 10.504986, 6.73, 1000),
('AMT10000586', 'ACTF100006', '09', '2014', 10, 11876.91, 929130.44, 0.011006, 10226.01, 32.78, 9570.50, 2306.00, 11.005657, 6.41, 1000),
('AMT10000587', 'ACTF100006', '10', '2014', 10, 12472.59, 929130.44, 0.011558, 10738.89, 34.42, 10084.92, 2388.00, 11.557912, 6.09, 1000),
('AMT10000588', 'ACTF100006', '11', '2014', 10, 13054.24, 929130.44, 0.012097, 11239.69, 36.02, 10591.25, 2463.00, 12.096512, 5.77, 1000),
('AMT10000589', 'ACTF100006', '12', '2014', 10, 13744.88, 929130.44, 0.012737, 11834.33, 37.93, 11189.51, 2555.00, 12.736764, 5.45, 1000),
('AMT10000590', 'ACTF100006', '01', '2015', 10, 14813.22, 929130.44, 0.013727, 12754.17, 40.88, 12100.11, 2713.00, 13.727486, 5.13, 1000),
('AMT10000591', 'ACTF100006', '02', '2015', 10, 15539.48, 929130.44, 0.014400, 13379.48, 42.88, 12736.24, 2803.00, 14.399598, 4.81, 1000),
('AMT10000592', 'ACTF100006', '03', '2015', 10, 16375.80, 929130.44, 0.015175, 14099.55, 45.19, 13466.88, 2909.00, 15.174880, 4.49, 1000),
('AMT10000593', 'ACTF100006', '04', '2015', 10, 17417.17, 929130.44, 0.016140, 14996.17, 48.06, 14371.33, 3046.00, 16.139809, 4.17, 1000),
('AMT10000594', 'ACTF100006', '05', '2015', 10, 18808.16, 929130.44, 0.017429, 16193.81, 51.90, 15570.97, 3237.00, 17.429416, 3.85, 1000),
('AMT10000595', 'ACTF100006', '06', '2015', 11, 20655.64, 929130.44, 0.019141, 17784.49, 38.00, 17138.47, 3517.00, 19.140800, 3.63, 1000),
('AMT10000596', 'ACTF100006', '07', '2015', 11, 22880.80, 929130.44, 0.021203, 19700.35, 42.09, 19026.83, 3854.00, 21.202654, 3.42, 1000),
('AMT10000597', 'ACTF100006', '08', '2015', 11, 25717.84, 929130.44, 0.023832, 22143.04, 47.31, 21433.33, 4285.00, 23.831934, 3.21, 1000),
('AMT10000598', 'ACTF100006', '09', '2015', 11, 28686.52, 929130.44, 0.026583, 24699.07, 52.78, 23960.21, 4726.00, 26.582590, 2.99, 1000),
('AMT10000599', 'ACTF100006', '10', '2015', 11, 31947.66, 929130.44, 0.029605, 27506.91, 58.78, 26742.83, 5205.00, 29.604822, 2.78, 1000),
('AMT10000600', 'ACTF100006', '11', '2015', 11, 35503.39, 929130.44, 0.032900, 30568.39, 65.32, 29784.59, 5719.00, 32.900146, 2.56, 1000),
('AMT10000601', 'ACTF100006', '12', '2015', 11, 38604.81, 929130.44, 0.035774, 33238.71, 71.02, 32457.46, 6147.00, 35.773694, 2.35, 1000),
('AMT10000602', 'ACTF100006', '01', '2016', 11, 42183.21, 929130.44, 0.039090, 36319.71, 77.61, 35543.65, 6640.00, 39.090259, 2.14, 1000),
('AMT10000603', 'ACTF100006', '02', '2016', 11, 45860.89, 929130.44, 0.042498, 39486.19, 84.37, 38726.84, 7134.00, 42.497856, 1.92, 1000),
('AMT10000604', 'ACTF100006', '03', '2016', 11, 50692.15, 929130.44, 0.046975, 43645.90, 93.26, 42899.82, 7792.00, 46.975067, 1.71, 1000),
('AMT10000605', 'ACTF100006', '04', '2016', 11, 57984.92, 929130.44, 0.053733, 49924.97, 106.68, 49178.23, 8807.00, 53.732607, 1.50, 1000),
('AMT10000606', 'ACTF100006', '05', '2016', 11, 68697.44, 929130.44, 0.063660, 59148.44, 126.39, 58390.13, 10307.00, 63.659545, 1.28, 1000),
('AMT10000607', 'ACTF100006', '06', '2016', 12, 81886.58, 929130.44, 0.075882, 70504.28, 75.33, 69675.70, 12211.00, 75.881984, 1.18, 1000),
('AMT10000608', 'ACTF100006', '07', '2016', 12, 89018.55, 929130.44, 0.082491, 76644.90, 81.89, 75826.04, 13193.00, 82.490840, 1.07, 1000),
('AMT10000609', 'ACTF100006', '08', '2016', 12, 95381.10, 929130.44, 0.088387, 82123.05, 87.74, 81333.41, 14048.00, 88.386619, 0.96, 1000),
('AMT10000610', 'ACTF100006', '09', '2016', 12, 104200.84, 929130.44, 0.096560, 89716.84, 95.85, 88950.03, 15251.00, 96.559692, 0.85, 1000),
('AMT10000611', 'ACTF100006', '10', '2016', 12, 112542.51, 929130.44, 0.104290, 96899.01, 103.52, 96174.34, 16368.00, 104.289747, 0.75, 1000),
('AMT10000612', 'ACTF100006', '11', '2016', 12, 125557.91, 929130.44, 0.116351, 108105.26, 115.50, 107412.28, 18146.00, 116.351364, 0.64, 1000),
('AMT10000613', 'ACTF100006', '12', '2016', 12, 144517.15, 929130.44, 0.133920, 124429.15, 132.94, 123764.46, 20753.00, 133.920360, 0.53, 1000),
('AMT10000614', 'ACTF100006', '01', '2017', 12, 169914.48, 929130.44, 0.157455, 146296.23, 156.30, 145671.03, 24243.00, 157.454927, 0.43, 1000),
('AMT10000615', 'ACTF100006', '02', '2017', 12, 191511.12, 929130.44, 0.177468, 164890.92, 176.17, 164362.42, 27149.00, 177.468108, 0.32, 1000),
('AMT10000616', 'ACTF100006', '03', '2017', 12, 211369.28, 929130.44, 0.195870, 181988.78, 194.43, 181599.92, 29769.00, 195.870039, 0.21, 1000),
('AMT10000617', 'ACTF100006', '04', '2017', 12, 228818.82, 929130.44, 0.212040, 197012.82, 210.48, 196802.34, 32016.00, 212.040191, 0.11, 1000),
('AMT10000618', 'ACTF100006', '05', '2017', 12, 255580.17, 929130.44, 0.236839, 220054.32, 235.10, 220054.32, 35526.00, 236.838572, 0.00, 1000),
('AMT10000619', 'ACTF100007', '06', '2005', 0, 0.00, 0.00, 0.000000, 0.00, 0.00, 0.00, 1210158.44, 0.000000, 100.00, 0),
('AMT10000620', 'ACTF100007', '06', '2005', 1, 1210158.44, 1030158.44, 1.000000, 1030158.44, 13207.16, 13207.16, 1196951.00, 1.000000, 98.72, 0),
('AMT10000621', 'ACTF100007', '07', '2005', 1, 1220638.41, 1030158.44, 1.008660, 1039079.61, 13321.53, 26643.07, 1193995.00, 1.008660, 97.44, 0),
('AMT10000622', 'ACTF100007', '08', '2005', 1, 1232344.27, 1030158.44, 1.018333, 1049044.33, 13449.29, 40347.86, 1191996.00, 1.018333, 96.15, 0),
('AMT10000623', 'ACTF100007', '09', '2005', 1, 1250632.19, 1030158.44, 1.033445, 1064612.09, 13648.87, 54595.49, 1196037.00, 1.033445, 94.87, 0),
('AMT10000624', 'ACTF100007', '10', '2005', 1, 1258436.50, 1030158.44, 1.039894, 1071255.58, 13734.05, 68670.23, 1189766.00, 1.039894, 93.59, 0),
('AMT10000625', 'ACTF100007', '11', '2005', 1, 1271851.11, 1030158.44, 1.050979, 1082674.89, 13880.45, 83282.68, 1188568.00, 1.050979, 92.31, 0),
('AMT10000626', 'ACTF100007', '12', '2005', 1, 1281848.23, 1030158.44, 1.059240, 1091185.03, 13989.55, 97926.86, 1183921.00, 1.059240, 91.03, 0),
('AMT10000627', 'ACTF100007', '01', '2006', 1, 1287195.92, 1030158.44, 1.063659, 1095737.30, 14047.91, 112383.31, 1174813.00, 1.063659, 89.74, 0),
('AMT10000628', 'ACTF100007', '02', '2006', 1, 1291833.24, 1030158.44, 1.067491, 1099684.86, 14098.52, 126886.71, 1164947.00, 1.067491, 88.46, 0),
('AMT10000629', 'ACTF100007', '03', '2006', 1, 1298896.94, 1030158.44, 1.073328, 1105697.90, 14175.61, 141756.14, 1157141.00, 1.073328, 87.18, 0),
('AMT10000630', 'ACTF100007', '04', '2006', 1, 1306949.33, 1030158.44, 1.079982, 1112552.57, 14263.49, 156898.44, 1150051.00, 1.079982, 85.90, 0),
('AMT10000631', 'ACTF100007', '05', '2006', 1, 1328160.99, 1030158.44, 1.097510, 1130609.19, 14494.99, 173939.88, 1154221.00, 1.097510, 84.62, 0),
('AMT10000632', 'ACTF100007', '06', '2006', 2, 1352785.29, 1030158.44, 1.117858, 1151570.85, 13533.42, 190698.16, 1162087.00, 1.117858, 83.44, 0),
('AMT10000633', 'ACTF100007', '07', '2006', 2, 1385211.49, 1030158.44, 1.144653, 1179173.95, 13857.81, 209127.00, 1176084.00, 1.144653, 82.26, 0),
('AMT10000634', 'ACTF100007', '08', '2006', 2, 1415686.91, 1030158.44, 1.169836, 1205116.43, 14162.69, 227890.61, 1187796.00, 1.169836, 81.09, 0),
('AMT10000635', 'ACTF100007', '09', '2006', 2, 1442513.70, 1030158.44, 1.192004, 1227952.98, 14431.07, 246640.13, 1195874.00, 1.192004, 79.91, 0),
('AMT10000636', 'ACTF100007', '10', '2006', 2, 1453246.60, 1030158.44, 1.200873, 1237089.46, 14538.44, 263013.68, 1190233.00, 1.200873, 78.74, 0),
('AMT10000637', 'ACTF100007', '11', '2006', 2, 1472269.08, 1030158.44, 1.216592, 1253282.52, 14728.75, 281185.18, 1191084.00, 1.216592, 77.56, 0),
('AMT10000638', 'ACTF100007', '12', '2006', 2, 1499329.43, 1030158.44, 1.238953, 1276317.89, 14999.46, 301352.84, 1197977.00, 1.238953, 76.39, 0),
('AMT10000639', 'ACTF100007', '01', '2007', 2, 1529315.95, 1030158.44, 1.263732, 1301844.19, 15299.45, 322679.33, 1206637.00, 1.263732, 75.21, 0),
('AMT10000640', 'ACTF100007', '02', '2007', 2, 1538826.58, 1030158.44, 1.271591, 1309940.20, 15394.60, 340080.63, 1198746.00, 1.271591, 74.04, 0),
('AMT10000641', 'ACTF100007', '03', '2007', 2, 1550283.15, 1030158.44, 1.281058, 1319692.71, 15509.21, 358121.74, 1192161.00, 1.281058, 72.86, 0),
('AMT10000642', 'ACTF100007', '04', '2007', 2, 1560523.51, 1030158.44, 1.289520, 1328409.91, 15611.65, 376098.96, 1184425.00, 1.289520, 71.69, 0),
('AMT10000643', 'ACTF100007', '05', '2007', 2, 1587582.65, 1030158.44, 1.311880, 1351444.25, 15882.36, 398502.79, 1189080.00, 1.311880, 70.51, 0),
('AMT10000644', 'ACTF100007', '06', '2007', 3, 1615619.61, 1030158.44, 1.335048, 1375310.97, 14693.49, 420233.91, 1195386.00, 1.335048, 69.44, 0),
('AMT10000645', 'ACTF100007', '07', '2007', 3, 1623665.95, 1030158.44, 1.341697, 1382160.49, 14766.67, 437093.49, 1186572.00, 1.341697, 68.38, 0),
('AMT10000646', 'ACTF100007', '08', '2007', 3, 1640973.63, 1030158.44, 1.355999, 1396893.81, 14924.08, 456676.82, 1184297.00, 1.355999, 67.31, 0),
('AMT10000647', 'ACTF100007', '09', '2007', 3, 1662668.14, 1030158.44, 1.373926, 1415361.46, 15121.38, 477835.71, 1184832.00, 1.373926, 66.24, 0),
('AMT10000648', 'ACTF100007', '10', '2007', 3, 1703386.35, 1030158.44, 1.407573, 1450023.21, 15491.70, 505029.45, 1198357.00, 1.407573, 65.17, 0),
('AMT10000649', 'ACTF100007', '11', '2007', 3, 1777518.23, 1030158.44, 1.468831, 1513128.65, 16165.90, 543174.39, 1234344.00, 1.468831, 64.10, 0),
('AMT10000650', 'ACTF100007', '12', '2007', 3, 1836034.23, 1030158.44, 1.517185, 1562940.93, 16698.09, 577753.81, 1258280.00, 1.517185, 63.03, 0),
('AMT10000651', 'ACTF100007', '01', '2008', 3, 1892.69, 1030158.44, 0.001564, 1611.17, 17.21, 612.80, 1280.00, 1.564217, 61.97, 1000),
('AMT10000652', 'ACTF100007', '02', '2008', 3, 1933.83, 1030158.44, 0.001598, 1646.19, 17.59, 643.70, 1290.00, 1.597595, 60.90, 1000),
('AMT10000653', 'ACTF100007', '03', '2008', 3, 1966.51, 1030158.44, 0.001625, 1674.01, 17.88, 672.47, 1294.00, 1.624905, 59.83, 1000),
('AMT10000654', 'ACTF100007', '04', '2008', 3, 1999.18, 1030158.44, 0.001652, 1701.82, 18.18, 701.82, 1297.00, 1.652214, 58.76, 1000),
('AMT10000655', 'ACTF100007', '05', '2008', 3, 2063.32, 1030158.44, 0.001705, 1756.42, 18.77, 743.10, 1320.00, 1.705315, 57.69, 1000),
('AMT10000656', 'ACTF100007', '06', '2008', 4, 2112.94, 1030158.44, 0.001746, 1798.66, 17.29, 778.27, 1335.00, 1.746279, 56.73, 1000),
('AMT10000657', 'ACTF100007', '07', '2008', 4, 2154.08, 1030158.44, 0.001780, 1833.68, 17.63, 811.05, 1343.00, 1.779657, 55.77, 1000),
('AMT10000658', 'ACTF100007', '08', '2008', 4, 2192.81, 1030158.44, 0.001812, 1866.65, 17.95, 843.58, 1349.00, 1.811518, 54.81, 1000),
('AMT10000659', 'ACTF100007', '09', '2008', 4, 2236.37, 1030158.44, 0.001848, 1903.73, 18.31, 878.64, 1358.00, 1.847931, 53.85, 1000),
('AMT10000660', 'ACTF100007', '10', '2008', 4, 2289.62, 1030158.44, 0.001892, 1949.06, 18.74, 918.31, 1371.00, 1.891929, 52.88, 1000),
('AMT10000661', 'ACTF100007', '11', '2008', 4, 2342.87, 1030158.44, 0.001936, 1994.39, 19.18, 958.84, 1384.00, 1.935927, 51.92, 1000),
('AMT10000662', 'ACTF100007', '12', '2008', 4, 2403.37, 1030158.44, 0.001986, 2045.89, 19.67, 1003.27, 1400.00, 1.985995, 50.96, 1000),
('AMT10000663', 'ACTF100007', '01', '2009', 4, 2459.04, 1030158.44, 0.002032, 2093.28, 20.13, 1046.64, 1412.00, 2.031510, 50.00, 1000),
('AMT10000664', 'ACTF100007', '02', '2009', 4, 2489.30, 1030158.44, 0.002057, 2119.04, 20.38, 1079.90, 1409.00, 2.057302, 49.04, 1000),
('AMT10000665', 'ACTF100007', '03', '2009', 4, 2519.55, 1030158.44, 0.002082, 2144.79, 20.62, 1113.64, 1406.00, 2.081577, 48.08, 1000),
('AMT10000666', 'ACTF100007', '04', '2009', 4, 2565.54, 1030158.44, 0.002120, 2183.94, 21.00, 1154.97, 1411.00, 2.119507, 47.12, 1000),
('AMT10000667', 'ACTF100007', '05', '2009', 4, 2616.36, 1030158.44, 0.002162, 2227.20, 21.42, 1199.26, 1417.00, 2.161988, 46.15, 1000),
('AMT10000668', 'ACTF100007', '06', '2009', 5, 2662.35, 1030158.44, 0.002200, 2266.35, 19.37, 1239.71, 1423.00, 2.199918, 45.30, 1000),
('AMT10000669', 'ACTF100007', '07', '2009', 5, 2716.81, 1030158.44, 0.002245, 2312.71, 19.77, 1284.84, 1432.00, 2.245433, 44.44, 1000),
('AMT10000670', 'ACTF100007', '08', '2009', 5, 2778.52, 1030158.44, 0.002296, 2365.24, 20.22, 1334.24, 1444.00, 2.295500, 43.59, 1000),
('AMT10000671', 'ACTF100007', '09', '2009', 5, 2847.50, 1030158.44, 0.002353, 2423.96, 20.72, 1388.08, 1459.00, 2.353153, 42.74, 1000),
('AMT10000672', 'ACTF100007', '10', '2009', 5, 2900.75, 1030158.44, 0.002397, 2469.29, 21.11, 1435.14, 1466.00, 2.397152, 41.88, 1000),
('AMT10000673', 'ACTF100007', '11', '2009', 5, 2956.42, 1030158.44, 0.002443, 2516.68, 21.51, 1484.20, 1472.00, 2.442667, 41.03, 1000),
('AMT10000674', 'ACTF100007', '12', '2009', 5, 3006.03, 1030158.44, 0.002484, 2558.91, 21.87, 1530.97, 1475.00, 2.483631, 40.17, 1000),
('AMT10000675', 'ACTF100007', '01', '2010', 5, 3056.86, 1030158.44, 0.002526, 2602.18, 22.24, 1579.10, 1478.00, 2.526112, 39.32, 1000),
('AMT10000676', 'ACTF100007', '02', '2010', 5, 3105.27, 1030158.44, 0.002566, 2643.39, 22.59, 1626.70, 1479.00, 2.565559, 38.46, 1000),
('AMT10000677', 'ACTF100007', '03', '2010', 5, 3180.30, 1030158.44, 0.002628, 2707.26, 23.14, 1689.15, 1491.00, 2.627764, 37.61, 1000),
('AMT10000678', 'ACTF100007', '04', '2010', 5, 3344.88, 1030158.44, 0.002764, 2847.36, 24.34, 1800.89, 1544.00, 2.764310, 36.75, 1000),
('AMT10000679', 'ACTF100007', '05', '2010', 5, 3433.22, 1030158.44, 0.002837, 2922.56, 24.98, 1873.44, 1560.00, 2.837135, 35.90, 1000),
('AMT10000680', 'ACTF100007', '06', '2010', 6, 3496.15, 1030158.44, 0.002889, 2976.13, 22.26, 1930.03, 1566.00, 2.888719, 35.15, 1000),
('AMT10000681', 'ACTF100007', '07', '2010', 6, 3545.76, 1030158.44, 0.002930, 3018.36, 22.57, 1979.99, 1566.00, 2.929683, 34.40, 1000),
('AMT10000682', 'ACTF100007', '08', '2010', 6, 3602.64, 1030158.44, 0.002977, 3066.78, 22.94, 2034.69, 1568.00, 2.976716, 33.65, 1000),
('AMT10000683', 'ACTF100007', '09', '2010', 6, 3642.58, 1030158.44, 0.003010, 3100.78, 23.19, 2080.44, 1562.00, 3.010094, 32.91, 1000),
('AMT10000684', 'ACTF100007', '10', '2010', 6, 3698.24, 1030158.44, 0.003056, 3148.16, 23.54, 2135.77, 1562.00, 3.055610, 32.16, 1000),
('AMT10000685', 'ACTF100007', '11', '2010', 6, 3755.12, 1030158.44, 0.003103, 3196.58, 23.91, 2192.53, 1563.00, 3.102642, 31.41, 1000),
('AMT10000686', 'ACTF100007', '12', '2010', 6, 3822.89, 1030158.44, 0.003159, 3254.27, 24.34, 2256.43, 1566.00, 3.158778, 30.66, 1000),
('AMT10000687', 'ACTF100007', '01', '2011', 6, 3926.96, 1030158.44, 0.003245, 3342.86, 25.00, 2342.86, 1584.00, 3.245258, 29.91, 1000),
('AMT10000688', 'ACTF100007', '02', '2011', 6, 3994.73, 1030158.44, 0.003301, 3400.55, 25.43, 2408.72, 1586.00, 3.301394, 29.17, 1000),
('AMT10000689', 'ACTF100007', '03', '2011', 6, 4051.61, 1030158.44, 0.003348, 3448.97, 25.79, 2468.81, 1583.00, 3.348426, 28.42, 1000),
('AMT10000690', 'ACTF100007', '04', '2011', 6, 4110.91, 1030158.44, 0.003397, 3499.45, 26.17, 2531.12, 1580.00, 3.396976, 27.67, 1000),
('AMT10000691', 'ACTF100007', '05', '2011', 6, 4214.98, 1030158.44, 0.003483, 3588.04, 26.83, 2622.03, 1593.00, 3.483456, 26.92, 1000),
('AMT10000692', 'ACTF100007', '06', '2011', 7, 4320.27, 1030158.44, 0.003570, 3677.67, 23.57, 2711.10, 1609.00, 3.569935, 26.28, 1000),
('AMT10000693', 'ACTF100007', '07', '2011', 7, 4436.44, 1030158.44, 0.003666, 3776.56, 24.21, 2808.21, 1628.00, 3.665518, 25.64, 1000),
('AMT10000694', 'ACTF100007', '08', '2011', 7, 4533.25, 1030158.44, 0.003746, 3858.97, 24.74, 2894.23, 1639.00, 3.745929, 25.00, 1000),
('AMT10000695', 'ACTF100007', '09', '2011', 7, 4607.07, 1030158.44, 0.003807, 3921.81, 25.14, 2966.50, 1641.00, 3.806616, 24.36, 1000),
('AMT10000696', 'ACTF100007', '10', '2011', 7, 4690.57, 1030158.44, 0.003876, 3992.89, 25.60, 3045.86, 1645.00, 3.876406, 23.72, 1000),
('AMT10000697', 'ACTF100007', '11', '2011', 7, 4792.23, 1030158.44, 0.003960, 4079.43, 26.15, 3138.02, 1654.00, 3.959852, 23.08, 1000),
('AMT10000698', 'ACTF100007', '12', '2011', 7, 4876.94, 1030158.44, 0.004030, 4151.54, 26.61, 3220.10, 1657.00, 4.029642, 22.44, 1000),
('AMT10000699', 'ACTF100007', '01', '2012', 7, 4949.55, 1030158.44, 0.004090, 4213.35, 27.01, 3295.06, 1654.00, 4.090329, 21.79, 1000),
('AMT10000700', 'ACTF100007', '02', '2012', 7, 5005.22, 1030158.44, 0.004136, 4260.74, 27.31, 3359.43, 1646.00, 4.135845, 21.15, 1000),
('AMT10000701', 'ACTF100007', '03', '2012', 7, 5048.78, 1030158.44, 0.004172, 4297.82, 27.55, 3416.22, 1633.00, 4.172257, 20.51, 1000),
('AMT10000702', 'ACTF100007', '04', '2012', 7, 5089.93, 1030158.44, 0.004206, 4332.85, 27.77, 3471.83, 1618.00, 4.205635, 19.87, 1000),
('AMT10000703', 'ACTF100007', '05', '2012', 7, 5168.59, 1030158.44, 0.004271, 4399.81, 28.20, 3553.69, 1615.00, 4.270874, 19.23, 1000),
('AMT10000704', 'ACTF100007', '06', '2012', 8, 5242.41, 1030158.44, 0.004332, 4462.65, 23.84, 3628.29, 1614.00, 4.331562, 18.70, 1000),
('AMT10000705', 'ACTF100007', '07', '2012', 8, 5295.65, 1030158.44, 0.004376, 4507.97, 24.08, 3689.21, 1606.00, 4.375560, 18.16, 1000),
('AMT10000706', 'ACTF100007', '08', '2012', 8, 5352.53, 1030158.44, 0.004423, 4556.39, 24.34, 3753.18, 1599.00, 4.422593, 17.63, 1000),
('AMT10000707', 'ACTF100007', '09', '2012', 8, 5436.03, 1030158.44, 0.004492, 4627.47, 24.72, 3836.45, 1600.00, 4.492383, 17.09, 1000),
('AMT10000708', 'ACTF100007', '10', '2012', 8, 5530.42, 1030158.44, 0.004570, 4707.82, 25.15, 3928.21, 1602.00, 4.569760, 16.56, 1000),
('AMT10000709', 'ACTF100007', '11', '2012', 8, 5656.28, 1030158.44, 0.004674, 4814.96, 25.72, 4043.33, 1613.00, 4.674446, 16.03, 1000),
('AMT10000710', 'ACTF100007', '12', '2012', 8, 5854.75, 1030158.44, 0.004838, 4983.91, 26.62, 4211.83, 1643.00, 4.838301, 15.49, 1000),
('AMT10000711', 'ACTF100007', '01', '2013', 8, 6048.37, 1030158.44, 0.004998, 5148.73, 27.50, 4378.62, 1670.00, 4.997606, 14.96, 1000),
('AMT10000712', 'ACTF100007', '02', '2013', 8, 6147.60, 1030158.44, 0.005080, 5233.20, 27.96, 4478.41, 1669.00, 5.079534, 14.42, 1000),
('AMT10000713', 'ACTF100007', '03', '2013', 8, 6318.24, 1030158.44, 0.005221, 5378.46, 28.73, 4631.45, 1687.00, 5.220632, 13.89, 1000),
('AMT10000714', 'ACTF100007', '04', '2013', 8, 6588.10, 1030158.44, 0.005444, 5608.18, 29.96, 4859.22, 1729.00, 5.443658, 13.35, 1000),
('AMT10000715', 'ACTF100007', '05', '2013', 8, 6989.88, 1030158.44, 0.005776, 5950.20, 31.79, 5187.35, 1803.00, 5.775921, 12.82, 1000),
('AMT10000716', 'ACTF100007', '06', '2013', 9, 7317.83, 1030158.44, 0.006047, 6229.37, 26.62, 5457.35, 1860.00, 6.047497, 12.39, 1000),
('AMT10000717', 'ACTF100007', '07', '2013', 9, 7551.39, 1030158.44, 0.006240, 6428.19, 27.47, 5659.00, 1892.00, 6.240180, 11.97, 1000),
('AMT10000718', 'ACTF100007', '08', '2013', 9, 7778.90, 1030158.44, 0.006428, 6621.86, 28.30, 5857.80, 1921.00, 6.428311, 11.54, 1000),
('AMT10000719', 'ACTF100007', '09', '2013', 9, 8121.37, 1030158.44, 0.006711, 6913.39, 29.54, 6145.24, 1976.00, 6.710507, 11.11, 1000),
('AMT10000720', 'ACTF100007', '10', '2013', 9, 8535.25, 1030158.44, 0.007053, 7265.71, 31.05, 6489.46, 2046.00, 7.053391, 10.68, 1000),
('AMT10000721', 'ACTF100007', '11', '2013', 9, 8946.70, 1030158.44, 0.007393, 7615.96, 32.55, 6834.84, 2112.00, 7.393240, 10.26, 1000),
('AMT10000722', 'ACTF100007', '12', '2013', 9, 9145.17, 1030158.44, 0.007557, 7784.91, 33.27, 7019.73, 2125.00, 7.557096, 9.83, 1000),
('AMT10000723', 'ACTF100007', '01', '2014', 9, 9450.13, 1030158.44, 0.007809, 8044.51, 34.38, 7288.19, 2162.00, 7.808949, 9.40, 1000),
('AMT10000724', 'ACTF100007', '02', '2014', 9, 9672.80, 1030158.44, 0.007993, 8234.06, 35.19, 7495.11, 2178.00, 7.992528, 8.97, 1000),
('AMT10000725', 'ACTF100007', '03', '2014', 9, 10067.31, 1030158.44, 0.008319, 8569.89, 36.62, 7837.42, 2230.00, 8.318723, 8.55, 1000),
('AMT10000726', 'ACTF100007', '04', '2014', 9, 10638.50, 1030158.44, 0.008791, 9056.12, 38.70, 8320.79, 2318.00, 8.790567, 8.12, 1000),
('AMT10000727', 'ACTF100007', '05', '2014', 9, 11247.21, 1030158.44, 0.009294, 9574.29, 40.92, 8837.81, 2409.00, 9.294272, 7.69, 1000),
('AMT10000728', 'ACTF100007', '06', '2014', 10, 11744.59, 1030158.44, 0.009705, 9997.69, 32.04, 9260.68, 2484.00, 9.705429, 7.37, 1000),
('AMT10000729', 'ACTF100007', '07', '2014', 10, 12231.07, 1030158.44, 0.010107, 10411.81, 33.37, 9677.64, 2553.00, 10.107483, 7.05, 1000),
('AMT10000730', 'ACTF100007', '08', '2014', 10, 12712.71, 1030158.44, 0.010505, 10821.81, 34.69, 10093.42, 2619.00, 10.504986, 6.73, 1000),
('AMT10000731', 'ACTF100007', '09', '2014', 10, 13319.00, 1030158.44, 0.011006, 11337.92, 36.34, 10611.13, 2708.00, 11.005657, 6.41, 1000),
('AMT10000732', 'ACTF100007', '10', '2014', 10, 13987.01, 1030158.44, 0.011558, 11906.57, 38.16, 11181.49, 2806.00, 11.557912, 6.09, 1000),
('AMT10000733', 'ACTF100007', '11', '2014', 10, 14639.29, 1030158.44, 0.012097, 12461.83, 39.94, 11742.88, 2896.00, 12.096512, 5.77, 1000),
('AMT10000734', 'ACTF100007', '12', '2014', 10, 15413.79, 1030158.44, 0.012737, 13121.13, 42.05, 12406.20, 3008.00, 12.736764, 5.45, 1000),
('AMT10000735', 'ACTF100007', '01', '2015', 10, 16611.84, 1030158.44, 0.013727, 14140.98, 45.32, 13415.80, 3196.00, 13.727486, 5.13, 1000),
('AMT10000736', 'ACTF100007', '02', '2015', 10, 17426.28, 1030158.44, 0.014400, 14834.28, 47.55, 14121.09, 3305.00, 14.399598, 4.81, 1000),
('AMT10000737', 'ACTF100007', '03', '2015', 10, 18364.15, 1030158.44, 0.015175, 15632.65, 50.10, 14931.18, 3433.00, 15.174880, 4.49, 1000),
('AMT10000738', 'ACTF100007', '04', '2015', 10, 19531.96, 1030158.44, 0.016140, 16626.76, 53.29, 15933.98, 3598.00, 16.139809, 4.17, 1000),
('AMT10000739', 'ACTF100007', '05', '2015', 10, 21091.85, 1030158.44, 0.017429, 17954.63, 57.55, 17264.07, 3828.00, 17.429416, 3.85, 1000),
('AMT10000740', 'ACTF100007', '06', '2015', 11, 23163.64, 1030158.44, 0.019141, 19718.26, 42.13, 19002.00, 4162.00, 19.140800, 3.63, 1000),
('AMT10000741', 'ACTF100007', '07', '2015', 11, 25658.99, 1030158.44, 0.021203, 21842.45, 46.67, 21095.70, 4563.00, 21.202654, 3.42, 1000),
('AMT10000742', 'ACTF100007', '08', '2015', 11, 28840.50, 1030158.44, 0.023832, 24550.74, 52.46, 23763.86, 5077.00, 23.831934, 3.21, 1000),
('AMT10000743', 'ACTF100007', '09', '2015', 11, 32169.64, 1030158.44, 0.026583, 27384.70, 58.51, 26565.50, 5604.00, 26.582590, 2.99, 1000),
('AMT10000744', 'ACTF100007', '10', '2015', 11, 35826.74, 1030158.44, 0.029605, 30497.84, 65.17, 29650.68, 6176.00, 29.604822, 2.78, 1000),
('AMT10000745', 'ACTF100007', '11', '2015', 11, 39814.21, 1030158.44, 0.032900, 33892.21, 72.42, 33023.18, 6791.00, 32.900146, 2.56, 1000),
('AMT10000746', 'ACTF100007', '12', '2015', 11, 43292.21, 1030158.44, 0.035774, 36852.89, 78.75, 35986.69, 7306.00, 35.773694, 2.35, 1000),
('AMT10000747', 'ACTF100007', '01', '2016', 11, 47305.09, 1030158.44, 0.039090, 40268.89, 86.04, 39408.44, 7897.00, 39.090259, 2.14, 1000),
('AMT10000748', 'ACTF100007', '02', '2016', 11, 51429.31, 1030158.44, 0.042498, 43779.67, 93.55, 42937.75, 8492.00, 42.497856, 1.92, 1000);
INSERT INTO `amortizaciones` (`id_amortiz`, `id_af`, `mes`, `anio`, `periodo`, `costo_hist`, `residual`, `factor_correc`, `revalorizado`, `amortiz_calc`, `amortiz_acum`, `costo_activo`, `factor_original`, `relacion_porc`, `reconversion`) VALUES
('AMT10000749', 'ACTF100007', '03', '2016', 11, 56847.19, 1030158.44, 0.046975, 48391.69, 103.40, 47564.48, 9283.00, 46.975067, 1.71, 1000),
('AMT10000750', 'ACTF100007', '04', '2016', 11, 65025.44, 1030158.44, 0.053733, 55353.50, 118.28, 54525.56, 10500.00, 53.732607, 1.50, 1000),
('AMT10000751', 'ACTF100007', '05', '2016', 11, 77038.69, 1030158.44, 0.063660, 65579.89, 140.13, 64739.12, 12300.00, 63.659545, 1.28, 1000),
('AMT10000752', 'ACTF100007', '06', '2016', 12, 91829.24, 1030158.44, 0.075882, 78170.48, 83.52, 77251.81, 14577.00, 75.881984, 1.18, 1000),
('AMT10000753', 'ACTF100007', '07', '2016', 12, 99827.18, 1030158.44, 0.082491, 84978.80, 90.79, 84070.91, 15756.00, 82.490840, 1.07, 1000),
('AMT10000754', 'ACTF100007', '08', '2016', 12, 106962.27, 1030158.44, 0.088387, 91052.61, 97.28, 90177.10, 16785.00, 88.386619, 0.96, 1000),
('AMT10000755', 'ACTF100007', '09', '2016', 12, 116852.90, 1030158.44, 0.096560, 99472.10, 106.27, 98621.91, 18231.00, 96.559692, 0.85, 1000),
('AMT10000756', 'ACTF100007', '10', '2016', 12, 126207.42, 1030158.44, 0.104290, 107435.22, 114.78, 106631.75, 19576.00, 104.289747, 0.75, 1000),
('AMT10000757', 'ACTF100007', '11', '2016', 12, 140803.14, 1030158.44, 0.116351, 119859.96, 128.06, 119091.63, 21712.00, 116.351364, 0.64, 1000),
('AMT10000758', 'ACTF100007', '12', '2016', 12, 162064.42, 1030158.44, 0.133920, 137958.82, 147.39, 137221.86, 24843.00, 133.920360, 0.53, 1000),
('AMT10000759', 'ACTF100007', '01', '2017', 12, 190545.50, 1030158.44, 0.157455, 162203.60, 173.29, 161510.42, 29035.00, 157.454927, 0.43, 1000),
('AMT10000760', 'ACTF100007', '02', '2017', 12, 214764.40, 1030158.44, 0.177468, 182820.16, 195.32, 182234.20, 32530.00, 177.468108, 0.32, 1000),
('AMT10000761', 'ACTF100007', '03', '2017', 12, 237033.73, 1030158.44, 0.195870, 201777.13, 215.57, 201345.98, 35688.00, 195.870039, 0.21, 1000),
('AMT10000762', 'ACTF100007', '04', '2017', 12, 256602.00, 1030158.44, 0.212040, 218434.80, 233.37, 218201.43, 38401.00, 212.040191, 0.11, 1000),
('AMT10000763', 'ACTF100007', '05', '2017', 12, 286612.71, 1030158.44, 0.236839, 243981.69, 260.66, 243981.69, 42631.00, 236.838572, 0.00, 1000),
('AMT10000764', 'ACTF100008', '05', '2005', 0, 0.00, 0.00, 0.000000, 0.00, 0.00, 0.00, 158000.00, 0.000000, 100.00, 0),
('AMT10000765', 'ACTF100008', '05', '2005', 1, 158000.00, 158000.00, 1.000000, 158000.00, 168.80, 168.80, 157831.00, 1.000000, 99.89, 0),
('AMT10000766', 'ACTF100008', '06', '2005', 1, 158895.86, 158000.00, 1.005670, 158895.86, 169.76, 339.52, 158556.00, 1.005670, 99.79, 0),
('AMT10000767', 'ACTF100008', '07', '2005', 1, 160271.88, 158000.00, 1.014379, 160271.88, 171.23, 513.69, 159758.00, 1.014379, 99.68, 0),
('AMT10000768', 'ACTF100008', '08', '2005', 1, 161808.91, 158000.00, 1.024107, 161808.91, 172.87, 691.49, 161117.00, 1.024107, 99.57, 0),
('AMT10000769', 'ACTF100008', '09', '2005', 1, 164210.19, 158000.00, 1.039305, 164210.19, 175.44, 877.19, 163333.00, 1.039305, 99.47, 0),
('AMT10000770', 'ACTF100008', '10', '2005', 1, 165234.82, 158000.00, 1.045790, 165234.82, 176.53, 1059.20, 164176.00, 1.045790, 99.36, 0),
('AMT10000771', 'ACTF100008', '11', '2005', 1, 166996.20, 158000.00, 1.056938, 166996.20, 178.41, 1248.90, 165747.00, 1.056938, 99.25, 0),
('AMT10000772', 'ACTF100008', '12', '2005', 1, 168308.87, 158000.00, 1.065246, 168308.87, 179.82, 1438.54, 166870.00, 1.065246, 99.15, 0),
('AMT10000773', 'ACTF100008', '01', '2006', 1, 169011.02, 158000.00, 1.069690, 169011.02, 180.57, 1625.11, 167386.00, 1.069690, 99.04, 0),
('AMT10000774', 'ACTF100008', '02', '2006', 1, 169619.95, 158000.00, 1.073544, 169619.95, 181.22, 1812.18, 167808.00, 1.073544, 98.93, 0),
('AMT10000775', 'ACTF100008', '03', '2006', 1, 170547.25, 158000.00, 1.079413, 170547.25, 182.21, 2004.29, 168543.00, 1.079413, 98.82, 0),
('AMT10000776', 'ACTF100008', '04', '2006', 1, 171604.75, 158000.00, 1.086106, 171604.75, 183.34, 2200.06, 169405.00, 1.086106, 98.72, 0),
('AMT10000777', 'ACTF100008', '05', '2006', 2, 174389.81, 158000.00, 1.103733, 174389.81, 372.63, 2608.39, 171781.00, 1.103733, 98.50, 0),
('AMT10000778', 'ACTF100008', '06', '2006', 2, 177622.97, 158000.00, 1.124196, 177622.97, 379.54, 3036.29, 174587.00, 1.124196, 98.29, 0),
('AMT10000779', 'ACTF100008', '07', '2006', 2, 181880.59, 158000.00, 1.151143, 181880.59, 388.63, 3497.70, 178383.00, 1.151143, 98.08, 0),
('AMT10000780', 'ACTF100008', '08', '2006', 2, 185882.10, 158000.00, 1.176469, 185882.10, 397.18, 3971.84, 181910.00, 1.176469, 97.86, 0),
('AMT10000781', 'ACTF100008', '09', '2006', 2, 189404.55, 158000.00, 1.198763, 189404.55, 404.71, 4451.82, 184953.00, 1.198763, 97.65, 0),
('AMT10000782', 'ACTF100008', '10', '2006', 2, 190813.60, 158000.00, 1.207681, 190813.60, 407.72, 4892.66, 185921.00, 1.207681, 97.44, 0),
('AMT10000783', 'ACTF100008', '11', '2006', 2, 193311.42, 158000.00, 1.223490, 193311.42, 413.06, 5369.76, 187942.00, 1.223490, 97.22, 0),
('AMT10000784', 'ACTF100008', '12', '2006', 2, 196864.52, 158000.00, 1.245978, 196864.52, 420.65, 5889.11, 190975.00, 1.245978, 97.01, 0),
('AMT10000785', 'ACTF100008', '01', '2007', 2, 200801.73, 158000.00, 1.270897, 200801.73, 429.06, 6435.95, 194366.00, 1.270897, 96.79, 0),
('AMT10000786', 'ACTF100008', '02', '2007', 2, 202050.56, 158000.00, 1.278801, 202050.56, 431.73, 6907.71, 195143.00, 1.278801, 96.58, 0),
('AMT10000787', 'ACTF100008', '03', '2007', 2, 203554.72, 158000.00, 1.288321, 203554.72, 434.95, 7394.08, 196161.00, 1.288321, 96.37, 0),
('AMT10000788', 'ACTF100008', '04', '2007', 2, 204899.46, 158000.00, 1.296832, 204899.46, 437.82, 7880.75, 197019.00, 1.296832, 96.15, 0),
('AMT10000789', 'ACTF100008', '05', '2007', 3, 208452.40, 158000.00, 1.319319, 208452.40, 668.12, 8685.52, 199767.00, 1.319319, 95.83, 0),
('AMT10000790', 'ACTF100008', '06', '2007', 3, 212133.64, 158000.00, 1.342618, 212133.64, 679.92, 9518.82, 202615.00, 1.342618, 95.51, 0),
('AMT10000791', 'ACTF100008', '07', '2007', 3, 213190.03, 158000.00, 1.349304, 213190.03, 683.30, 10249.52, 202941.00, 1.349304, 95.19, 0),
('AMT10000792', 'ACTF100008', '08', '2007', 3, 215462.70, 158000.00, 1.363688, 215462.70, 690.59, 11049.37, 204413.00, 1.363688, 94.87, 0),
('AMT10000793', 'ACTF100008', '09', '2007', 3, 218311.13, 158000.00, 1.381716, 218311.13, 699.72, 11895.16, 206416.00, 1.381716, 94.55, 0),
('AMT10000794', 'ACTF100008', '10', '2007', 3, 223657.53, 158000.00, 1.415554, 223657.53, 716.85, 12903.32, 210754.00, 1.415554, 94.23, 0),
('AMT10000795', 'ACTF100008', '11', '2007', 3, 233391.12, 158000.00, 1.477159, 233391.12, 748.05, 14212.92, 219178.00, 1.477159, 93.91, 0),
('AMT10000796', 'ACTF100008', '12', '2007', 3, 241074.35, 158000.00, 1.525787, 241074.35, 772.67, 15453.48, 225621.00, 1.525787, 93.59, 0),
('AMT10000797', 'ACTF100008', '01', '2008', 3, 248.53, 158000.00, 0.001573, 248.53, 0.80, 16.73, 232.00, 1.573086, 93.27, 1000),
('AMT10000798', 'ACTF100008', '02', '2008', 3, 253.91, 158000.00, 0.001607, 253.91, 0.81, 17.90, 236.00, 1.606654, 92.95, 1000),
('AMT10000799', 'ACTF100008', '03', '2008', 3, 258.17, 158000.00, 0.001634, 258.17, 0.83, 19.03, 239.00, 1.634118, 92.63, 1000),
('AMT10000800', 'ACTF100008', '04', '2008', 3, 262.60, 158000.00, 0.001662, 262.60, 0.84, 20.20, 242.00, 1.661582, 92.31, 1000),
('AMT10000801', 'ACTF100008', '05', '2008', 4, 270.97, 158000.00, 0.001715, 270.97, 1.16, 22.00, 249.00, 1.714985, 91.88, 1000),
('AMT10000802', 'ACTF100008', '06', '2008', 4, 277.45, 158000.00, 0.001756, 277.45, 1.19, 23.71, 254.00, 1.756181, 91.45, 1000),
('AMT10000803', 'ACTF100008', '07', '2008', 4, 282.82, 158000.00, 0.001790, 282.82, 1.21, 25.38, 257.00, 1.789748, 91.03, 1000),
('AMT10000804', 'ACTF100008', '08', '2008', 4, 287.88, 158000.00, 0.001822, 287.88, 1.23, 27.07, 261.00, 1.821790, 90.60, 1000),
('AMT10000805', 'ACTF100008', '09', '2008', 4, 293.56, 158000.00, 0.001858, 293.56, 1.25, 28.85, 265.00, 1.858408, 90.17, 1000),
('AMT10000806', 'ACTF100008', '10', '2008', 4, 300.67, 158000.00, 0.001903, 300.67, 1.28, 30.84, 270.00, 1.902656, 89.74, 1000),
('AMT10000807', 'ACTF100008', '11', '2008', 4, 307.63, 158000.00, 0.001947, 307.63, 1.31, 32.87, 275.00, 1.946904, 89.32, 1000),
('AMT10000808', 'ACTF100008', '12', '2008', 4, 315.53, 158000.00, 0.001997, 315.53, 1.35, 35.06, 280.00, 1.997255, 88.89, 1000),
('AMT10000809', 'ACTF100008', '01', '2009', 4, 322.79, 158000.00, 0.002043, 322.79, 1.38, 37.25, 286.00, 2.043029, 88.46, 1000),
('AMT10000810', 'ACTF100008', '02', '2009', 4, 326.90, 158000.00, 0.002069, 326.90, 1.40, 39.12, 288.00, 2.068967, 88.03, 1000),
('AMT10000811', 'ACTF100008', '03', '2009', 4, 330.69, 158000.00, 0.002093, 330.69, 1.41, 40.98, 290.00, 2.093380, 87.61, 1000),
('AMT10000812', 'ACTF100008', '04', '2009', 4, 336.86, 158000.00, 0.002132, 336.86, 1.44, 43.19, 294.00, 2.131524, 87.18, 1000),
('AMT10000813', 'ACTF100008', '05', '2009', 5, 343.49, 158000.00, 0.002174, 343.49, 1.83, 45.87, 298.00, 2.174246, 86.65, 1000),
('AMT10000814', 'ACTF100008', '06', '2009', 5, 349.50, 158000.00, 0.002212, 349.50, 1.87, 48.54, 301.00, 2.212391, 86.11, 1000),
('AMT10000815', 'ACTF100008', '07', '2009', 5, 356.76, 158000.00, 0.002258, 356.76, 1.91, 51.46, 305.00, 2.258165, 85.58, 1000),
('AMT10000816', 'ACTF100008', '08', '2009', 5, 364.82, 158000.00, 0.002309, 364.82, 1.95, 54.57, 310.00, 2.308516, 85.04, 1000),
('AMT10000817', 'ACTF100008', '09', '2009', 5, 373.83, 158000.00, 0.002366, 373.83, 2.00, 57.91, 316.00, 2.366496, 84.51, 1000),
('AMT10000818', 'ACTF100008', '10', '2009', 5, 380.94, 158000.00, 0.002411, 380.94, 2.03, 61.05, 320.00, 2.410743, 83.97, 1000),
('AMT10000819', 'ACTF100008', '11', '2009', 5, 388.21, 158000.00, 0.002457, 388.21, 2.07, 64.29, 324.00, 2.456517, 83.44, 1000),
('AMT10000820', 'ACTF100008', '12', '2009', 5, 394.68, 158000.00, 0.002498, 394.68, 2.11, 67.47, 327.00, 2.497713, 82.91, 1000),
('AMT10000821', 'ACTF100008', '01', '2010', 5, 401.32, 158000.00, 0.002540, 401.32, 2.14, 70.75, 331.00, 2.540435, 82.37, 1000),
('AMT10000822', 'ACTF100008', '02', '2010', 5, 407.64, 158000.00, 0.002580, 407.64, 2.18, 74.04, 334.00, 2.580106, 81.84, 1000),
('AMT10000823', 'ACTF100008', '03', '2010', 5, 417.59, 158000.00, 0.002643, 417.59, 2.23, 78.08, 340.00, 2.642663, 81.30, 1000),
('AMT10000824', 'ACTF100008', '04', '2010', 5, 439.24, 158000.00, 0.002780, 439.24, 2.35, 84.47, 355.00, 2.779984, 80.77, 1000),
('AMT10000825', 'ACTF100008', '05', '2010', 6, 450.77, 158000.00, 0.002853, 450.77, 2.89, 89.58, 361.00, 2.853222, 80.13, 1000),
('AMT10000826', 'ACTF100008', '06', '2010', 6, 458.99, 158000.00, 0.002905, 458.99, 2.94, 94.15, 365.00, 2.905098, 79.49, 1000),
('AMT10000827', 'ACTF100008', '07', '2010', 6, 465.47, 158000.00, 0.002946, 465.47, 2.98, 98.46, 367.00, 2.946295, 78.85, 1000),
('AMT10000828', 'ACTF100008', '08', '2010', 6, 473.05, 158000.00, 0.002994, 473.05, 3.03, 103.10, 370.00, 2.993594, 78.21, 1000),
('AMT10000829', 'ACTF100008', '09', '2010', 6, 478.27, 158000.00, 0.003027, 478.27, 3.07, 107.30, 371.00, 3.027161, 77.56, 1000),
('AMT10000830', 'ACTF100008', '10', '2010', 6, 485.53, 158000.00, 0.003073, 485.53, 3.11, 112.05, 373.00, 3.072935, 76.92, 1000),
('AMT10000831', 'ACTF100008', '11', '2010', 6, 492.96, 158000.00, 0.003120, 492.96, 3.16, 116.92, 376.00, 3.120234, 76.28, 1000),
('AMT10000832', 'ACTF100008', '12', '2010', 6, 501.97, 158000.00, 0.003177, 501.97, 3.22, 122.27, 380.00, 3.176688, 75.64, 1000),
('AMT10000833', 'ACTF100008', '01', '2011', 6, 515.71, 158000.00, 0.003264, 515.71, 3.31, 128.93, 387.00, 3.263658, 75.00, 1000),
('AMT10000834', 'ACTF100008', '02', '2011', 6, 524.56, 158000.00, 0.003320, 524.56, 3.36, 134.50, 390.00, 3.320112, 74.36, 1000),
('AMT10000835', 'ACTF100008', '03', '2011', 6, 531.99, 158000.00, 0.003367, 531.99, 3.41, 139.82, 392.00, 3.367412, 73.72, 1000),
('AMT10000836', 'ACTF100008', '04', '2011', 6, 539.73, 158000.00, 0.003416, 539.73, 3.46, 145.31, 394.00, 3.416237, 73.08, 1000),
('AMT10000837', 'ACTF100008', '05', '2011', 7, 553.47, 158000.00, 0.003503, 553.47, 4.14, 153.15, 400.00, 3.503207, 72.33, 1000),
('AMT10000838', 'ACTF100008', '06', '2011', 7, 567.22, 158000.00, 0.003590, 567.22, 4.24, 161.20, 406.00, 3.590177, 71.58, 1000),
('AMT10000839', 'ACTF100008', '07', '2011', 7, 582.39, 158000.00, 0.003686, 582.39, 4.36, 169.86, 413.00, 3.686301, 70.83, 1000),
('AMT10000840', 'ACTF100008', '08', '2011', 7, 595.19, 158000.00, 0.003767, 595.19, 4.45, 178.05, 417.00, 3.767168, 70.09, 1000),
('AMT10000841', 'ACTF100008', '09', '2011', 7, 604.82, 158000.00, 0.003828, 604.82, 4.52, 185.45, 419.00, 3.828199, 69.34, 1000),
('AMT10000842', 'ACTF100008', '10', '2011', 7, 615.88, 158000.00, 0.003898, 615.88, 4.61, 193.45, 422.00, 3.898386, 68.59, 1000),
('AMT10000843', 'ACTF100008', '11', '2011', 7, 629.16, 158000.00, 0.003982, 629.16, 4.71, 202.33, 427.00, 3.982304, 67.84, 1000),
('AMT10000844', 'ACTF100008', '12', '2011', 7, 640.22, 158000.00, 0.004052, 640.22, 4.79, 210.67, 430.00, 4.052490, 67.09, 1000),
('AMT10000845', 'ACTF100008', '01', '2012', 7, 650.01, 158000.00, 0.004114, 650.01, 4.86, 218.75, 431.00, 4.113522, 66.35, 1000),
('AMT10000846', 'ACTF100008', '02', '2012', 7, 657.12, 158000.00, 0.004159, 657.12, 4.91, 226.06, 431.00, 4.159295, 65.60, 1000),
('AMT10000847', 'ACTF100008', '03', '2012', 7, 662.97, 158000.00, 0.004196, 662.97, 4.96, 233.03, 430.00, 4.195914, 64.85, 1000),
('AMT10000848', 'ACTF100008', '04', '2012', 7, 668.18, 158000.00, 0.004229, 668.18, 5.00, 239.86, 428.00, 4.229481, 64.10, 1000),
('AMT10000849', 'ACTF100008', '05', '2012', 8, 678.61, 158000.00, 0.004295, 678.61, 5.80, 249.40, 429.00, 4.295090, 63.25, 1000),
('AMT10000850', 'ACTF100008', '06', '2012', 8, 688.25, 158000.00, 0.004356, 688.25, 5.88, 258.83, 429.00, 4.356122, 62.39, 1000),
('AMT10000851', 'ACTF100008', '07', '2012', 8, 695.20, 158000.00, 0.004400, 695.20, 5.94, 267.38, 428.00, 4.400370, 61.54, 1000),
('AMT10000852', 'ACTF100008', '08', '2012', 8, 702.78, 158000.00, 0.004448, 702.78, 6.01, 276.31, 426.00, 4.447669, 60.68, 1000),
('AMT10000853', 'ACTF100008', '09', '2012', 8, 713.84, 158000.00, 0.004518, 713.84, 6.10, 286.76, 427.00, 4.517855, 59.83, 1000),
('AMT10000854', 'ACTF100008', '10', '2012', 8, 726.17, 158000.00, 0.004596, 726.17, 6.21, 297.92, 428.00, 4.595670, 58.97, 1000),
('AMT10000855', 'ACTF100008', '11', '2012', 8, 742.76, 158000.00, 0.004701, 742.76, 6.35, 311.07, 432.00, 4.700950, 58.12, 1000),
('AMT10000856', 'ACTF100008', '12', '2012', 8, 768.83, 158000.00, 0.004866, 768.83, 6.57, 328.56, 440.00, 4.865735, 57.26, 1000),
('AMT10000857', 'ACTF100008', '01', '2013', 8, 794.11, 158000.00, 0.005026, 794.11, 6.79, 346.15, 448.00, 5.025942, 56.41, 1000),
('AMT10000858', 'ACTF100008', '02', '2013', 8, 807.06, 158000.00, 0.005108, 807.06, 6.90, 358.69, 448.00, 5.108335, 55.56, 1000),
('AMT10000859', 'ACTF100008', '03', '2013', 8, 829.50, 158000.00, 0.005250, 829.50, 7.09, 375.76, 454.00, 5.250233, 54.70, 1000),
('AMT10000860', 'ACTF100008', '04', '2013', 8, 865.05, 158000.00, 0.005475, 865.05, 7.39, 399.25, 466.00, 5.474524, 53.85, 1000),
('AMT10000861', 'ACTF100008', '05', '2013', 9, 917.82, 158000.00, 0.005809, 917.82, 8.83, 432.43, 485.00, 5.808671, 52.88, 1000),
('AMT10000862', 'ACTF100008', '06', '2013', 9, 960.96, 158000.00, 0.006082, 960.96, 9.24, 462.00, 499.00, 6.081787, 51.92, 1000),
('AMT10000863', 'ACTF100008', '07', '2013', 9, 991.61, 158000.00, 0.006276, 991.61, 9.53, 486.27, 505.00, 6.275562, 50.96, 1000),
('AMT10000864', 'ACTF100008', '08', '2013', 9, 1021.47, 158000.00, 0.006465, 1021.47, 9.82, 510.74, 511.00, 6.464759, 50.00, 1000),
('AMT10000865', 'ACTF100008', '09', '2013', 9, 1066.34, 158000.00, 0.006749, 1066.34, 10.25, 543.42, 523.00, 6.748556, 49.04, 1000),
('AMT10000866', 'ACTF100008', '10', '2013', 9, 1120.69, 158000.00, 0.007093, 1120.69, 10.78, 581.90, 539.00, 7.093384, 48.08, 1000),
('AMT10000867', 'ACTF100008', '11', '2013', 9, 1174.73, 158000.00, 0.007435, 1174.73, 11.30, 621.25, 553.00, 7.435160, 47.12, 1000),
('AMT10000868', 'ACTF100008', '12', '2013', 9, 1200.80, 158000.00, 0.007600, 1200.80, 11.55, 646.58, 554.00, 7.599945, 46.15, 1000),
('AMT10000869', 'ACTF100008', '01', '2014', 9, 1240.77, 158000.00, 0.007853, 1240.77, 11.93, 680.04, 561.00, 7.853225, 45.19, 1000),
('AMT10000870', 'ACTF100008', '02', '2014', 9, 1270.00, 158000.00, 0.008038, 1270.00, 12.21, 708.27, 562.00, 8.037846, 44.23, 1000),
('AMT10000871', 'ACTF100008', '03', '2014', 9, 1321.83, 158000.00, 0.008366, 1321.83, 12.71, 749.88, 572.00, 8.365890, 43.27, 1000),
('AMT10000872', 'ACTF100008', '04', '2014', 9, 1396.72, 158000.00, 0.008840, 1396.72, 13.43, 805.80, 591.00, 8.840410, 42.31, 1000),
('AMT10000873', 'ACTF100008', '05', '2014', 10, 1476.83, 158000.00, 0.009347, 1476.83, 15.78, 867.80, 609.00, 9.346971, 41.24, 1000),
('AMT10000874', 'ACTF100008', '06', '2014', 10, 1542.08, 158000.00, 0.009760, 1542.08, 16.48, 922.61, 619.00, 9.760459, 40.17, 1000),
('AMT10000875', 'ACTF100008', '07', '2014', 10, 1606.07, 158000.00, 0.010165, 1606.07, 17.16, 978.06, 628.00, 10.164793, 39.10, 1000),
('AMT10000876', 'ACTF100008', '08', '2014', 10, 1669.27, 158000.00, 0.010565, 1669.27, 17.83, 1034.38, 635.00, 10.564549, 38.03, 1000),
('AMT10000877', 'ACTF100008', '09', '2014', 10, 1748.74, 158000.00, 0.011068, 1748.74, 18.68, 1102.30, 646.00, 11.068058, 36.97, 1000),
('AMT10000878', 'ACTF100008', '10', '2014', 10, 1836.43, 158000.00, 0.011623, 1836.43, 19.62, 1177.20, 659.00, 11.623445, 35.90, 1000),
('AMT10000879', 'ACTF100008', '11', '2014', 10, 1922.07, 158000.00, 0.012165, 1922.07, 20.53, 1252.63, 669.00, 12.165099, 34.83, 1000),
('AMT10000880', 'ACTF100008', '12', '2014', 10, 2023.82, 158000.00, 0.012809, 2023.82, 21.62, 1340.56, 683.00, 12.808981, 33.76, 1000),
('AMT10000881', 'ACTF100008', '01', '2015', 10, 2181.19, 158000.00, 0.013805, 2181.19, 23.30, 1468.11, 713.00, 13.805320, 32.69, 1000),
('AMT10000882', 'ACTF100008', '02', '2015', 10, 2288.00, 158000.00, 0.014481, 2288.00, 24.44, 1564.44, 724.00, 14.481244, 31.62, 1000),
('AMT10000883', 'ACTF100008', '03', '2015', 10, 2411.24, 158000.00, 0.015261, 2411.24, 25.76, 1674.47, 737.00, 15.260921, 30.56, 1000),
('AMT10000884', 'ACTF100008', '04', '2015', 10, 2564.50, 158000.00, 0.016231, 2564.50, 27.40, 1808.30, 756.00, 16.231322, 29.49, 1000),
('AMT10000885', 'ACTF100008', '05', '2015', 11, 2769.42, 158000.00, 0.017528, 2769.42, 32.55, 1985.34, 784.00, 17.528240, 28.31, 1000),
('AMT10000886', 'ACTF100008', '06', '2015', 11, 3041.34, 158000.00, 0.019249, 3041.34, 35.74, 2216.02, 825.00, 19.249328, 27.14, 1000),
('AMT10000887', 'ACTF100008', '07', '2015', 11, 3369.03, 158000.00, 0.021323, 3369.03, 39.59, 2494.38, 875.00, 21.322873, 25.96, 1000),
('AMT10000888', 'ACTF100008', '08', '2015', 11, 3786.79, 158000.00, 0.023967, 3786.79, 44.50, 2848.18, 939.00, 23.967061, 24.79, 1000),
('AMT10000889', 'ACTF100008', '09', '2015', 11, 4223.81, 158000.00, 0.026733, 4223.81, 49.64, 3226.52, 997.00, 26.733313, 23.61, 1000),
('AMT10000890', 'ACTF100008', '10', '2015', 11, 4704.13, 158000.00, 0.029773, 4704.13, 55.28, 3648.72, 1055.00, 29.772681, 22.44, 1000),
('AMT10000891', 'ACTF100008', '11', '2015', 11, 5227.75, 158000.00, 0.033087, 5227.75, 61.44, 4116.29, 1111.00, 33.086690, 21.26, 1000),
('AMT10000892', 'ACTF100008', '12', '2015', 11, 5684.37, 158000.00, 0.035977, 5684.37, 66.80, 4542.64, 1142.00, 35.976530, 20.09, 1000),
('AMT10000893', 'ACTF100008', '01', '2016', 11, 6211.30, 158000.00, 0.039312, 6211.30, 73.00, 5036.73, 1175.00, 39.311901, 18.91, 1000),
('AMT10000894', 'ACTF100008', '02', '2016', 11, 6752.76, 158000.00, 0.042739, 6752.76, 79.36, 5555.16, 1198.00, 42.738818, 17.74, 1000),
('AMT10000895', 'ACTF100008', '03', '2016', 11, 7464.08, 158000.00, 0.047241, 7464.08, 87.72, 6228.04, 1236.00, 47.241415, 16.56, 1000),
('AMT10000896', 'ACTF100008', '04', '2016', 11, 8537.85, 158000.00, 0.054037, 8537.85, 100.34, 7224.33, 1314.00, 54.037270, 15.38, 1000),
('AMT10000897', 'ACTF100008', '05', '2016', 12, 10115.16, 158000.00, 0.064020, 10115.16, 129.68, 8688.66, 1426.00, 64.020494, 14.10, 1000),
('AMT10000898', 'ACTF100008', '06', '2016', 12, 12057.30, 158000.00, 0.076312, 12057.30, 154.58, 10511.49, 1546.00, 76.312234, 12.82, 1000),
('AMT10000899', 'ACTF100008', '07', '2016', 12, 13107.52, 158000.00, 0.082959, 13107.52, 168.05, 11595.11, 1512.00, 82.958562, 11.54, 1000),
('AMT10000900', 'ACTF100008', '08', '2016', 12, 14044.30, 158000.00, 0.088888, 14044.30, 180.06, 12603.86, 1440.00, 88.887770, 10.26, 1000),
('AMT10000901', 'ACTF100008', '09', '2016', 12, 15342.91, 158000.00, 0.097107, 15342.91, 196.70, 13965.98, 1377.00, 97.107184, 8.97, 1000),
('AMT10000902', 'ACTF100008', '10', '2016', 12, 16571.20, 158000.00, 0.104881, 16571.20, 212.45, 15296.49, 1275.00, 104.881069, 7.69, 1000),
('AMT10000903', 'ACTF100008', '11', '2016', 12, 18487.74, 158000.00, 0.117011, 18487.74, 237.02, 17302.63, 1185.00, 117.011075, 6.41, 1000),
('AMT10000904', 'ACTF100008', '12', '2016', 12, 21279.44, 158000.00, 0.134680, 21279.44, 272.81, 20188.19, 1091.00, 134.679688, 5.13, 1000),
('AMT10000905', 'ACTF100008', '01', '2017', 12, 25018.98, 158000.00, 0.158348, 25018.98, 320.76, 24056.71, 962.00, 158.347695, 3.85, 1000),
('AMT10000906', 'ACTF100008', '02', '2017', 12, 28198.89, 158000.00, 0.178474, 28198.89, 361.52, 27475.84, 723.00, 178.474350, 2.56, 1000),
('AMT10000907', 'ACTF100008', '03', '2017', 12, 31123.00, 158000.00, 0.196981, 31123.00, 399.01, 30723.99, 399.00, 196.980620, 1.28, 1000),
('AMT10000908', 'ACTF100008', '04', '2017', 12, 33692.24, 158000.00, 0.213242, 33692.24, 431.95, 33692.24, 0.00, 213.242457, 0.00, 1000);

--
-- Disparadores `amortizaciones`
--
DELIMITER $$
CREATE TRIGGER `trg_id_amortiz` BEFORE INSERT ON `amortizaciones` FOR EACH ROW BEGIN
  DECLARE next_id INT;

  SET next_id = IFNULL((select (cast(max(substr(id_amortiz,4,20)) as UNSIGNED)) as  ultimo from amortizaciones),10000000);
  SET next_id = next_id + 1;
  SET NEW.id_amortiz = CONCAT('AMT', LPAD(next_id, 8, '0'));
  
END
$$
DELIMITER ;

-- --------------------------------------------------------

--
-- Estructura de tabla para la tabla `clasificacion`
--

CREATE TABLE `clasificacion` (
  `id_clase` varchar(30) NOT NULL,
  `descripcion` varchar(150) NOT NULL,
  `cod_cuenta` varchar(30) NOT NULL,
  `observacion` varchar(150) NOT NULL
) ENGINE=InnoDB DEFAULT CHARSET=utf8mb4 COLLATE=utf8mb4_general_ci;

--
-- Volcado de datos para la tabla `clasificacion`
--

INSERT INTO `clasificacion` (`id_clase`, `descripcion`, `cod_cuenta`, `observacion`) VALUES
('CLA1001', 'Muebles y Enseres', '11201010001', 'Ninguna'),
('CLA1002', 'Equipos de Oficina', '11201010002', 'Ninguna'),
('CLA1003', 'Maquinaria', '110108', 'No se tiene ninguna');

--
-- Disparadores `clasificacion`
--
DELIMITER $$
CREATE TRIGGER `trg_clase` BEFORE INSERT ON `clasificacion` FOR EACH ROW BEGIN
  DECLARE next_id INT;

  SET next_id = IFNULL((select (cast(max(substr(id_clase,4,20)) as UNSIGNED)) as  ultimo from clasificacion),1000);
  SET next_id = next_id + 1;
  SET NEW.id_clase = CONCAT('CLA', LPAD(next_id, 4, '0'));

END
$$
DELIMITER ;

-- --------------------------------------------------------

--
-- Estructura de tabla para la tabla `fact_mejora`
--

CREATE TABLE `fact_mejora` (
  `id_det` varchar(25) NOT NULL,
  `id_mant` varchar(25) DEFAULT NULL,
  `proveedor` varchar(150) NOT NULL,
  `proveedor_rif` varchar(15) DEFAULT NULL,
  `telefono_prov` varchar(20) NOT NULL,
  `fecha_fact` datetime NOT NULL,
  `nro_fact` varchar(20) NOT NULL,
  `costo_fact` decimal(14,2) NOT NULL,
  `imp_fact` decimal(14,2) NOT NULL,
  `total_fact` decimal(14,2) NOT NULL,
  `detalle` varchar(200) NOT NULL,
  `estatus` char(1) NOT NULL DEFAULT 'P'
) ENGINE=InnoDB DEFAULT CHARSET=utf8mb4 COLLATE=utf8mb4_general_ci;

--
-- Disparadores `fact_mejora`
--
DELIMITER $$
CREATE TRIGGER `tgr_id_facm` BEFORE INSERT ON `fact_mejora` FOR EACH ROW BEGIN
  DECLARE next_id INT;

  SET next_id = IFNULL((select (cast(max(substr(id_det,5,20)) as UNSIGNED)) as  ultimo from fact_mejora),1000000);
  SET next_id = next_id + 1;
  SET NEW.id_det = CONCAT('FACM', LPAD(next_id, 7, '0'));
  
  END
$$
DELIMITER ;

-- --------------------------------------------------------

--
-- Estructura de tabla para la tabla `fact_mejoratmp`
--

CREATE TABLE `fact_mejoratmp` (
  `id_det` varchar(25) NOT NULL,
  `id_mant` varchar(35) DEFAULT NULL,
  `proveedor` varchar(150) NOT NULL,
  `proveedor_rif` varchar(15) DEFAULT NULL,
  `telefono_prov` varchar(20) NOT NULL,
  `fecha_fact` datetime NOT NULL,
  `nro_fact` varchar(20) NOT NULL,
  `costo_fact` decimal(14,2) NOT NULL,
  `imp_fact` decimal(14,2) NOT NULL,
  `total_fact` decimal(14,2) NOT NULL,
  `detalle` varchar(200) NOT NULL,
  `estatus` char(1) NOT NULL DEFAULT 'P'
) ENGINE=InnoDB DEFAULT CHARSET=utf8mb4 COLLATE=utf8mb4_general_ci;

--
-- Volcado de datos para la tabla `fact_mejoratmp`
--

INSERT INTO `fact_mejoratmp` (`id_det`, `id_mant`, `proveedor`, `proveedor_rif`, `telefono_prov`, `fecha_fact`, `nro_fact`, `costo_fact`, `imp_fact`, `total_fact`, `detalle`, `estatus`) VALUES
('FACM1000001', 'ba7de8ccb64727b796c59621032ad204', 'sdfsdf', 'sdfsdf', '', '2022-04-18 00:00:00', '454545', 1800.00, 234.00, 2034.00, 'sfsdfs fds dfsd f', 'P');

--
-- Disparadores `fact_mejoratmp`
--
DELIMITER $$
CREATE TRIGGER `tgr_id_facm_tmp` BEFORE INSERT ON `fact_mejoratmp` FOR EACH ROW BEGIN
  DECLARE next_id INT;

  SET next_id = IFNULL((select (cast(max(substr(id_det,5,20)) as UNSIGNED)) as  ultimo from fact_mejoratmp),1000000);
  SET next_id = next_id + 1;
  SET NEW.id_det = CONCAT('FACM', LPAD(next_id, 7, '0'));
  
  END
$$
DELIMITER ;

-- --------------------------------------------------------

--
-- Estructura de tabla para la tabla `finiquito`
--

CREATE TABLE `finiquito` (
  `id_fin` varchar(30) NOT NULL,
  `id_af` varchar(30) DEFAULT NULL,
  `tipo_finiquito` varchar(30) NOT NULL DEFAULT 'Por Obsoleto',
  `fecha_finiquito` datetime NOT NULL,
  `costo_actual` decimal(14,2) NOT NULL,
  `factor_inflac` decimal(30,6) NOT NULL,
  `costo_ajustado` decimal(14,2) NOT NULL,
  `monto_venta` decimal(14,2) NOT NULL,
  `dep_acumulada` decimal(14,2) NOT NULL,
  `ganancia_vta` decimal(14,2) NOT NULL,
  `perdida_vta` decimal(14,2) NOT NULL,
  `costo_mej` decimal(14,2) NOT NULL,
  `imp_mej` decimal(14,2) NOT NULL,
  `total_mej` decimal(14,2) NOT NULL,
  `costo_flete` decimal(14,2) NOT NULL,
  `imp_flete` decimal(14,2) NOT NULL,
  `total_flete` decimal(14,2) NOT NULL,
  `nueva_descrip` varchar(160) NOT NULL,
  `observacion` text NOT NULL DEFAULT ''
) ENGINE=InnoDB DEFAULT CHARSET=utf8mb4 COLLATE=utf8mb4_general_ci;

--
-- Volcado de datos para la tabla `finiquito`
--

INSERT INTO `finiquito` (`id_fin`, `id_af`, `tipo_finiquito`, `fecha_finiquito`, `costo_actual`, `factor_inflac`, `costo_ajustado`, `monto_venta`, `dep_acumulada`, `ganancia_vta`, `perdida_vta`, `costo_mej`, `imp_mej`, `total_mej`, `costo_flete`, `imp_flete`, `total_flete`, `nueva_descrip`, `observacion`) VALUES
('FINQ100001', 'ACTF100004', 'Venta', '2022-04-01 00:00:00', 0.00, 0.010000, 0.00, 100.00, 56.83, 100.00, 0.00, 0.00, 0.00, 0.00, 0.00, 0.00, 0.00, '', 'acx zx z');

--
-- Disparadores `finiquito`
--
DELIMITER $$
CREATE TRIGGER `trg_fin_finiquito` BEFORE INSERT ON `finiquito` FOR EACH ROW BEGIN
  DECLARE next_id INT;

  SET next_id = IFNULL((select (cast(max(substr(id_fin,5,20)) as UNSIGNED)) as  ultimo from finiquito),100000);
  SET next_id = next_id + 1;
  SET NEW.id_fin = CONCAT('FINQ', LPAD(next_id, 6, '0'));
  
  END
$$
DELIMITER ;

-- --------------------------------------------------------

--
-- Estructura de tabla para la tabla `indice_precio`
--

CREATE TABLE `indice_precio` (
  `id_ipc` varchar(30) NOT NULL,
  `anio` int(4) NOT NULL,
  `mes` varchar(20) NOT NULL,
  `factor` decimal(35,6) NOT NULL COMMENT 'Factor de Correcion aplicado al valuo',
  `reconver` decimal(15,2) NOT NULL COMMENT 'Silve para la reconversi贸n monetaria',
  `grupo` int(4) NOT NULL
) ENGINE=InnoDB DEFAULT CHARSET=utf8mb4 COLLATE=utf8mb4_general_ci;

--
-- Volcado de datos para la tabla `indice_precio`
--

INSERT INTO `indice_precio` (`id_ipc`, `anio`, `mes`, `factor`, `reconver`, `grupo`) VALUES
('IPC100001', 1950, '01', 0.028418, 0.00, 1),
('IPC100002', 1950, '02', 0.028418, 0.00, 1),
('IPC100003', 1950, '03', 0.028549, 0.00, 1),
('IPC100004', 1950, '04', 0.028814, 0.00, 1),
('IPC100005', 1950, '05', 0.028814, 0.00, 1),
('IPC100006', 1950, '06', 0.028947, 0.00, 1),
('IPC100007', 1950, '07', 0.028947, 0.00, 1),
('IPC100008', 1950, '08', 0.029475, 0.00, 1),
('IPC100009', 1950, '09', 0.029739, 0.00, 1),
('IPC100010', 1950, '10', 0.029739, 0.00, 1),
('IPC100011', 1950, '11', 0.030004, 0.00, 1),
('IPC100012', 1950, '12', 0.030268, 0.00, 1),
('IPC100013', 1951, '01', 0.030401, 0.00, 1),
('IPC100014', 1951, '02', 0.030401, 0.00, 1),
('IPC100015', 1951, '03', 0.030401, 0.00, 1),
('IPC100016', 1951, '04', 0.030401, 0.00, 1),
('IPC100017', 1951, '05', 0.030532, 0.00, 1),
('IPC100018', 1951, '06', 0.030532, 0.00, 1),
('IPC100019', 1951, '07', 0.030532, 0.00, 1),
('IPC100020', 1951, '08', 0.030532, 0.00, 1),
('IPC100021', 1951, '09', 0.030665, 0.00, 1),
('IPC100022', 1951, '10', 0.030797, 0.00, 1),
('IPC100023', 1951, '11', 0.030797, 0.00, 1),
('IPC100024', 1951, '12', 0.030797, 0.00, 1),
('IPC100025', 1952, '01', 0.030797, 0.00, 1),
('IPC100026', 1952, '02', 0.030797, 0.00, 1),
('IPC100027', 1952, '03', 0.030797, 0.00, 1),
('IPC100028', 1952, '04', 0.030930, 0.00, 1),
('IPC100029', 1952, '05', 0.030930, 0.00, 1),
('IPC100030', 1952, '06', 0.030930, 0.00, 1),
('IPC100031', 1952, '07', 0.030930, 0.00, 1),
('IPC100032', 1952, '08', 0.030930, 0.00, 1),
('IPC100033', 1952, '09', 0.030930, 0.00, 1),
('IPC100034', 1952, '10', 0.031061, 0.00, 1),
('IPC100035', 1952, '11', 0.031061, 0.00, 1),
('IPC100036', 1952, '12', 0.031061, 0.00, 1),
('IPC100037', 1953, '01', 0.031061, 0.00, 1),
('IPC100038', 1953, '02', 0.031061, 0.00, 1),
('IPC100039', 1953, '03', 0.031061, 0.00, 1),
('IPC100040', 1953, '04', 0.031061, 0.00, 1),
('IPC100041', 1953, '05', 0.031194, 0.00, 1),
('IPC100042', 1953, '06', 0.031194, 0.00, 1),
('IPC100043', 1953, '07', 0.031194, 0.00, 1),
('IPC100044', 1953, '08', 0.031194, 0.00, 1),
('IPC100045', 1953, '09', 0.031194, 0.00, 1),
('IPC100046', 1953, '10', 0.031194, 0.00, 1),
('IPC100047', 1953, '11', 0.031194, 0.00, 1),
('IPC100048', 1953, '12', 0.031194, 0.00, 1),
('IPC100049', 1954, '01', 0.031194, 0.00, 1),
('IPC100050', 1954, '02', 0.031194, 0.00, 1),
('IPC100051', 1954, '03', 0.031194, 0.00, 1),
('IPC100052', 1954, '04', 0.031194, 0.00, 1),
('IPC100053', 1954, '05', 0.031194, 0.00, 1),
('IPC100054', 1954, '06', 0.031194, 0.00, 1),
('IPC100055', 1954, '07', 0.031194, 0.00, 1),
('IPC100056', 1954, '08', 0.031325, 0.00, 1),
('IPC100057', 1954, '09', 0.031325, 0.00, 1),
('IPC100058', 1954, '10', 0.031325, 0.00, 1),
('IPC100059', 1954, '11', 0.031325, 0.00, 1),
('IPC100060', 1954, '12', 0.031325, 0.00, 1),
('IPC100061', 1955, '01', 0.031325, 0.00, 1),
('IPC100062', 1955, '02', 0.031325, 0.00, 1),
('IPC100063', 1955, '03', 0.031458, 0.00, 1),
('IPC100064', 1955, '04', 0.031458, 0.00, 1),
('IPC100065', 1955, '05', 0.031458, 0.00, 1),
('IPC100066', 1955, '06', 0.031458, 0.00, 1),
('IPC100067', 1955, '07', 0.031458, 0.00, 1),
('IPC100068', 1955, '08', 0.031458, 0.00, 1),
('IPC100069', 1955, '09', 0.031458, 0.00, 1),
('IPC100070', 1955, '10', 0.031458, 0.00, 1),
('IPC100071', 1955, '11', 0.031458, 0.00, 1),
('IPC100072', 1955, '12', 0.031458, 0.00, 1),
('IPC100073', 1956, '01', 0.031458, 0.00, 1),
('IPC100074', 1956, '02', 0.031458, 0.00, 1),
('IPC100075', 1956, '03', 0.031458, 0.00, 1),
('IPC100076', 1956, '04', 0.031590, 0.00, 1),
('IPC100077', 1956, '05', 0.031590, 0.00, 1),
('IPC100078', 1956, '06', 0.031590, 0.00, 1),
('IPC100079', 1956, '07', 0.031590, 0.00, 1),
('IPC100080', 1956, '08', 0.031590, 0.00, 1),
('IPC100081', 1956, '09', 0.031590, 0.00, 1),
('IPC100082', 1956, '10', 0.031590, 0.00, 1),
('IPC100083', 1956, '11', 0.031590, 0.00, 1),
('IPC100084', 1956, '12', 0.031590, 0.00, 1),
('IPC100085', 1957, '01', 0.031590, 0.00, 1),
('IPC100086', 1957, '02', 0.031590, 0.00, 1),
('IPC100087', 1957, '03', 0.031722, 0.00, 1),
('IPC100088', 1957, '04', 0.031722, 0.00, 1),
('IPC100089', 1957, '05', 0.031722, 0.00, 1),
('IPC100090', 1957, '06', 0.031722, 0.00, 1),
('IPC100091', 1957, '07', 0.031722, 0.00, 1),
('IPC100092', 1957, '08', 0.031722, 0.00, 1),
('IPC100093', 1957, '09', 0.031722, 0.00, 1),
('IPC100094', 1957, '10', 0.031722, 0.00, 1),
('IPC100095', 1957, '11', 0.031722, 0.00, 1),
('IPC100096', 1957, '12', 0.031722, 0.00, 1),
('IPC100097', 1958, '01', 0.031854, 0.00, 1),
('IPC100098', 1958, '02', 0.031854, 0.00, 1),
('IPC100099', 1958, '03', 0.031987, 0.00, 1),
('IPC100100', 1958, '04', 0.031987, 0.00, 1),
('IPC100101', 1958, '05', 0.031987, 0.00, 1),
('IPC100102', 1958, '06', 0.032251, 0.00, 1),
('IPC100103', 1958, '07', 0.032515, 0.00, 1),
('IPC100104', 1958, '08', 0.032647, 0.00, 1),
('IPC100105', 1958, '09', 0.032647, 0.00, 1),
('IPC100106', 1958, '10', 0.032647, 0.00, 1),
('IPC100107', 1958, '11', 0.032780, 0.00, 1),
('IPC100108', 1958, '12', 0.032911, 0.00, 1),
('IPC100109', 1959, '01', 0.032911, 0.00, 1),
('IPC100110', 1959, '02', 0.032911, 0.00, 1),
('IPC100111', 1959, '03', 0.033044, 0.00, 1),
('IPC100112', 1959, '04', 0.033176, 0.00, 1),
('IPC100113', 1959, '05', 0.033176, 0.00, 1),
('IPC100114', 1959, '06', 0.033308, 0.00, 1),
('IPC100115', 1959, '07', 0.033308, 0.00, 1),
('IPC100116', 1959, '08', 0.033440, 0.00, 1),
('IPC100117', 1959, '09', 0.033440, 0.00, 1),
('IPC100118', 1959, '10', 0.033440, 0.00, 1),
('IPC100119', 1959, '11', 0.033573, 0.00, 1),
('IPC100120', 1959, '12', 0.033573, 0.00, 1),
('IPC100121', 1960, '01', 0.033704, 0.00, 1),
('IPC100122', 1960, '02', 0.033837, 0.00, 1),
('IPC100123', 1960, '03', 0.033837, 0.00, 1),
('IPC100124', 1960, '04', 0.034233, 0.00, 1),
('IPC100125', 1960, '05', 0.034233, 0.00, 1),
('IPC100126', 1960, '06', 0.034233, 0.00, 1),
('IPC100127', 1960, '07', 0.034233, 0.00, 1),
('IPC100128', 1960, '08', 0.034366, 0.00, 1),
('IPC100129', 1960, '09', 0.034366, 0.00, 1),
('IPC100130', 1960, '10', 0.034366, 0.00, 1),
('IPC100131', 1960, '11', 0.034366, 0.00, 1),
('IPC100132', 1960, '12', 0.034366, 0.00, 1),
('IPC100133', 1961, '01', 0.034366, 0.00, 1),
('IPC100134', 1961, '02', 0.034498, 0.00, 1),
('IPC100135', 1961, '03', 0.034498, 0.00, 1),
('IPC100136', 1961, '04', 0.034498, 0.00, 1),
('IPC100137', 1961, '05', 0.034498, 0.00, 1),
('IPC100138', 1961, '06', 0.034498, 0.00, 1),
('IPC100139', 1961, '07', 0.034498, 0.00, 1),
('IPC100140', 1961, '08', 0.034498, 0.00, 1),
('IPC100141', 1961, '09', 0.034498, 0.00, 1),
('IPC100142', 1961, '10', 0.034498, 0.00, 1),
('IPC100143', 1961, '11', 0.034630, 0.00, 1),
('IPC100144', 1961, '12', 0.034630, 0.00, 1),
('IPC100145', 1962, '01', 0.034630, 0.00, 1),
('IPC100146', 1962, '02', 0.034630, 0.00, 1),
('IPC100147', 1962, '03', 0.034630, 0.00, 1),
('IPC100148', 1962, '04', 0.034630, 0.00, 1),
('IPC100149', 1962, '05', 0.034763, 0.00, 1),
('IPC100150', 1962, '06', 0.034763, 0.00, 1),
('IPC100151', 1962, '07', 0.034763, 0.00, 1),
('IPC100152', 1962, '08', 0.034894, 0.00, 1),
('IPC100153', 1962, '09', 0.034894, 0.00, 1),
('IPC100154', 1962, '10', 0.034894, 0.00, 1),
('IPC100155', 1962, '11', 0.035027, 0.00, 1),
('IPC100156', 1962, '12', 0.035027, 0.00, 1),
('IPC100157', 1963, '01', 0.035159, 0.00, 1),
('IPC100158', 1963, '02', 0.035159, 0.00, 1),
('IPC100159', 1963, '03', 0.035159, 0.00, 1),
('IPC100160', 1963, '04', 0.035159, 0.00, 1),
('IPC100161', 1963, '05', 0.035159, 0.00, 1),
('IPC100162', 1963, '06', 0.035159, 0.00, 1),
('IPC100163', 1963, '07', 0.035291, 0.00, 1),
('IPC100164', 1963, '08', 0.035291, 0.00, 1),
('IPC100165', 1963, '09', 0.035291, 0.00, 1),
('IPC100166', 1963, '10', 0.035291, 0.00, 1),
('IPC100167', 1963, '11', 0.035291, 0.00, 1),
('IPC100168', 1963, '12', 0.035291, 0.00, 1),
('IPC100169', 1964, '01', 0.035423, 0.00, 1),
('IPC100170', 1964, '02', 0.035423, 0.00, 1),
('IPC100171', 1964, '03', 0.035423, 0.00, 1),
('IPC100172', 1964, '04', 0.035423, 0.00, 1),
('IPC100173', 1964, '05', 0.035423, 0.00, 1),
('IPC100174', 1964, '06', 0.035556, 0.00, 1),
('IPC100175', 1964, '07', 0.035687, 0.00, 1),
('IPC100176', 1964, '08', 0.035687, 0.00, 1),
('IPC100177', 1964, '09', 0.035687, 0.00, 1),
('IPC100178', 1964, '10', 0.035820, 0.00, 1),
('IPC100179', 1964, '11', 0.035820, 0.00, 1),
('IPC100180', 1964, '12', 0.035951, 0.00, 1),
('IPC100181', 1965, '01', 0.035951, 0.00, 1),
('IPC100182', 1965, '02', 0.035951, 0.00, 1),
('IPC100183', 1965, '03', 0.035951, 0.00, 1),
('IPC100184', 1965, '04', 0.035951, 0.00, 1),
('IPC100185', 1965, '05', 0.035951, 0.00, 1),
('IPC100186', 1965, '06', 0.036084, 0.00, 1),
('IPC100187', 1965, '07', 0.036084, 0.00, 1),
('IPC100188', 1965, '08', 0.036480, 0.00, 1),
('IPC100189', 1965, '09', 0.036480, 0.00, 1),
('IPC100190', 1965, '10', 0.036480, 0.00, 1),
('IPC100191', 1965, '11', 0.036613, 0.00, 1),
('IPC100192', 1965, '12', 0.036613, 0.00, 1),
('IPC100193', 1966, '01', 0.036613, 0.00, 1),
('IPC100194', 1966, '02', 0.036613, 0.00, 1),
('IPC100195', 1966, '03', 0.036613, 0.00, 1),
('IPC100196', 1966, '04', 0.036613, 0.00, 1),
('IPC100197', 1966, '05', 0.036613, 0.00, 1),
('IPC100198', 1966, '06', 0.036744, 0.00, 1),
('IPC100199', 1966, '07', 0.036744, 0.00, 1),
('IPC100200', 1966, '08', 0.036744, 0.00, 1),
('IPC100201', 1966, '09', 0.036744, 0.00, 1),
('IPC100202', 1966, '10', 0.036744, 0.00, 1),
('IPC100203', 1966, '11', 0.036744, 0.00, 1),
('IPC100204', 1966, '12', 0.036744, 0.00, 1),
('IPC100205', 1967, '01', 0.036744, 0.00, 1),
('IPC100206', 1967, '02', 0.036744, 0.00, 1),
('IPC100207', 1967, '03', 0.036744, 0.00, 1),
('IPC100208', 1967, '04', 0.036744, 0.00, 1),
('IPC100209', 1967, '05', 0.036744, 0.00, 1),
('IPC100210', 1967, '06', 0.036744, 0.00, 1),
('IPC100211', 1967, '07', 0.036744, 0.00, 1),
('IPC100212', 1967, '08', 0.036877, 0.00, 1),
('IPC100213', 1967, '09', 0.036877, 0.00, 1),
('IPC100214', 1967, '10', 0.036877, 0.00, 1),
('IPC100215', 1967, '11', 0.036877, 0.00, 1),
('IPC100216', 1967, '12', 0.036877, 0.00, 1),
('IPC100217', 1968, '01', 0.036877, 0.00, 1),
('IPC100218', 1968, '02', 0.036877, 0.00, 1),
('IPC100219', 1968, '03', 0.036877, 0.00, 1),
('IPC100220', 1968, '04', 0.036877, 0.00, 1),
('IPC100221', 1968, '05', 0.036877, 0.00, 1),
('IPC100222', 1968, '06', 0.036877, 0.00, 1),
('IPC100223', 1968, '07', 0.037142, 0.00, 1),
('IPC100224', 1968, '08', 0.037537, 0.00, 1),
('IPC100225', 1968, '09', 0.037670, 0.00, 1),
('IPC100226', 1968, '10', 0.037802, 0.00, 1),
('IPC100227', 1968, '11', 0.037802, 0.00, 1),
('IPC100228', 1968, '12', 0.037802, 0.00, 1),
('IPC100229', 1969, '01', 0.037802, 0.00, 1),
('IPC100230', 1969, '02', 0.037802, 0.00, 1),
('IPC100231', 1969, '03', 0.037933, 0.00, 1),
('IPC100232', 1969, '04', 0.037933, 0.00, 1),
('IPC100233', 1969, '05', 0.038066, 0.00, 1),
('IPC100234', 1969, '06', 0.038199, 0.00, 1),
('IPC100235', 1969, '07', 0.038199, 0.00, 1),
('IPC100236', 1969, '08', 0.038330, 0.00, 1),
('IPC100237', 1969, '09', 0.038330, 0.00, 1),
('IPC100238', 1969, '10', 0.038330, 0.00, 1),
('IPC100239', 1969, '11', 0.038463, 0.00, 1),
('IPC100240', 1969, '12', 0.038595, 0.00, 1),
('IPC100241', 1970, '01', 0.038595, 0.00, 1),
('IPC100242', 1970, '02', 0.038595, 0.00, 1),
('IPC100243', 1970, '03', 0.038595, 0.00, 1),
('IPC100244', 1970, '04', 0.038595, 0.00, 1),
('IPC100245', 1970, '05', 0.038727, 0.00, 1),
('IPC100246', 1970, '06', 0.038727, 0.00, 1),
('IPC100247', 1970, '07', 0.039124, 0.00, 1),
('IPC100248', 1970, '08', 0.039389, 0.00, 1),
('IPC100249', 1970, '09', 0.039520, 0.00, 1),
('IPC100250', 1970, '10', 0.039653, 0.00, 1),
('IPC100251', 1970, '11', 0.039653, 0.00, 1),
('IPC100252', 1970, '12', 0.039785, 0.00, 1),
('IPC100253', 1971, '01', 0.039917, 0.00, 1),
('IPC100254', 1971, '02', 0.040049, 0.00, 1),
('IPC100255', 1971, '03', 0.040049, 0.00, 1),
('IPC100256', 1971, '04', 0.040182, 0.00, 1),
('IPC100257', 1971, '05', 0.040182, 0.00, 1),
('IPC100258', 1971, '06', 0.040313, 0.00, 1),
('IPC100259', 1971, '07', 0.040446, 0.00, 1),
('IPC100260', 1971, '08', 0.040446, 0.00, 1),
('IPC100261', 1971, '09', 0.040578, 0.00, 1),
('IPC100262', 1971, '10', 0.040578, 0.00, 1),
('IPC100263', 1971, '11', 0.040842, 0.00, 1),
('IPC100264', 1971, '12', 0.041106, 0.00, 1),
('IPC100265', 1972, '01', 0.041106, 0.00, 1),
('IPC100266', 1972, '02', 0.041106, 0.00, 1),
('IPC100267', 1972, '03', 0.041106, 0.00, 1),
('IPC100268', 1972, '04', 0.041106, 0.00, 1),
('IPC100269', 1972, '05', 0.041239, 0.00, 1),
('IPC100270', 1972, '06', 0.041370, 0.00, 1),
('IPC100271', 1972, '07', 0.041370, 0.00, 1),
('IPC100272', 1972, '08', 0.041370, 0.00, 1),
('IPC100273', 1972, '09', 0.041899, 0.00, 1),
('IPC100274', 1972, '10', 0.042032, 0.00, 1),
('IPC100275', 1972, '11', 0.042032, 0.00, 1),
('IPC100276', 1972, '12', 0.042296, 0.00, 1),
('IPC100277', 1973, '01', 0.042428, 0.00, 1),
('IPC100278', 1973, '02', 0.042428, 0.00, 1),
('IPC100279', 1973, '03', 0.042561, 0.00, 1),
('IPC100280', 1973, '04', 0.042692, 0.00, 1),
('IPC100281', 1973, '05', 0.042692, 0.00, 1),
('IPC100282', 1973, '06', 0.042956, 0.00, 1),
('IPC100283', 1973, '07', 0.042956, 0.00, 1),
('IPC100284', 1973, '08', 0.043089, 0.00, 1),
('IPC100285', 1973, '09', 0.043751, 0.00, 1),
('IPC100286', 1973, '10', 0.044015, 0.00, 1),
('IPC100287', 1973, '11', 0.044279, 0.00, 1),
('IPC100288', 1973, '12', 0.044544, 0.00, 1),
('IPC100289', 1974, '01', 0.044675, 0.00, 1),
('IPC100290', 1974, '02', 0.044808, 0.00, 1),
('IPC100291', 1974, '03', 0.044939, 0.00, 1),
('IPC100292', 1974, '04', 0.044939, 0.00, 1),
('IPC100293', 1974, '05', 0.044939, 0.00, 1),
('IPC100294', 1974, '06', 0.045468, 0.00, 1),
('IPC100295', 1974, '07', 0.047318, 0.00, 1),
('IPC100296', 1974, '08', 0.047980, 0.00, 1),
('IPC100297', 1974, '09', 0.048508, 0.00, 1),
('IPC100298', 1974, '10', 0.048905, 0.00, 1),
('IPC100299', 1974, '11', 0.049170, 0.00, 1),
('IPC100300', 1974, '12', 0.049963, 0.00, 1),
('IPC100301', 1975, '01', 0.049963, 0.00, 1),
('IPC100302', 1975, '02', 0.050227, 0.00, 1),
('IPC100303', 1975, '03', 0.050623, 0.00, 1),
('IPC100304', 1975, '04', 0.050887, 0.00, 1),
('IPC100305', 1975, '05', 0.051020, 0.00, 1),
('IPC100306', 1975, '06', 0.051416, 0.00, 1),
('IPC100307', 1975, '07', 0.051548, 0.00, 1),
('IPC100308', 1975, '08', 0.051946, 0.00, 1),
('IPC100309', 1975, '09', 0.052077, 0.00, 1),
('IPC100310', 1975, '10', 0.052606, 0.00, 1),
('IPC100311', 1975, '11', 0.053003, 0.00, 1),
('IPC100312', 1975, '12', 0.053267, 0.00, 1),
('IPC100313', 1976, '01', 0.053927, 0.00, 1),
('IPC100314', 1976, '02', 0.053927, 0.00, 1),
('IPC100315', 1976, '03', 0.054060, 0.00, 1),
('IPC100316', 1976, '04', 0.054324, 0.00, 1),
('IPC100317', 1976, '05', 0.055117, 0.00, 1),
('IPC100318', 1976, '06', 0.055513, 0.00, 1),
('IPC100319', 1976, '07', 0.055646, 0.00, 1),
('IPC100320', 1976, '08', 0.056043, 0.00, 1),
('IPC100321', 1976, '09', 0.056703, 0.00, 1),
('IPC100322', 1976, '10', 0.056836, 0.00, 1),
('IPC100323', 1976, '11', 0.057100, 0.00, 1),
('IPC100324', 1976, '12', 0.057629, 0.00, 1),
('IPC100325', 1977, '01', 0.057893, 0.00, 1),
('IPC100326', 1977, '02', 0.058289, 0.00, 1),
('IPC100327', 1977, '03', 0.058422, 0.00, 1),
('IPC100328', 1977, '04', 0.058818, 0.00, 1),
('IPC100329', 1977, '05', 0.059215, 0.00, 1),
('IPC100330', 1977, '06', 0.059743, 0.00, 1),
('IPC100331', 1977, '07', 0.060008, 0.00, 1),
('IPC100332', 1977, '08', 0.060272, 0.00, 1),
('IPC100333', 1977, '09', 0.060669, 0.00, 1),
('IPC100334', 1977, '10', 0.060933, 0.00, 1),
('IPC100335', 1977, '11', 0.061336, 0.00, 1),
('IPC100336', 1977, '12', 0.062255, 0.00, 1),
('IPC100337', 1978, '01', 0.062519, 0.00, 1),
('IPC100338', 1978, '02', 0.062651, 0.00, 1),
('IPC100339', 1978, '03', 0.062784, 0.00, 1),
('IPC100340', 1978, '04', 0.062915, 0.00, 1),
('IPC100341', 1978, '05', 0.063179, 0.00, 1),
('IPC100342', 1978, '06', 0.063576, 0.00, 1),
('IPC100343', 1978, '07', 0.064105, 0.00, 1),
('IPC100344', 1978, '08', 0.064501, 0.00, 1),
('IPC100345', 1978, '09', 0.065295, 0.00, 1),
('IPC100346', 1978, '10', 0.065427, 0.00, 1),
('IPC100347', 1978, '11', 0.065691, 0.00, 1),
('IPC100348', 1978, '12', 0.066748, 0.00, 1),
('IPC100349', 1979, '01', 0.066881, 0.00, 1),
('IPC100350', 1979, '02', 0.067277, 0.00, 1),
('IPC100351', 1979, '03', 0.067938, 0.00, 1),
('IPC100352', 1979, '04', 0.068864, 0.00, 1),
('IPC100353', 1979, '05', 0.069524, 0.00, 1),
('IPC100354', 1979, '06', 0.070317, 0.00, 1),
('IPC100355', 1979, '07', 0.071110, 0.00, 1),
('IPC100356', 1979, '08', 0.072300, 0.00, 1),
('IPC100357', 1979, '09', 0.074679, 0.00, 1),
('IPC100358', 1979, '10', 0.076793, 0.00, 1),
('IPC100359', 1979, '11', 0.078248, 0.00, 1),
('IPC100360', 1979, '12', 0.080362, 0.00, 1),
('IPC100361', 1980, '01', 0.080891, 0.00, 1),
('IPC100362', 1980, '02', 0.082214, 0.00, 1),
('IPC100363', 1980, '03', 0.083007, 0.00, 1),
('IPC100364', 1980, '04', 0.084328, 0.00, 1),
('IPC100365', 1980, '05', 0.085253, 0.00, 1),
('IPC100366', 1980, '06', 0.086311, 0.00, 1),
('IPC100367', 1980, '07', 0.087368, 0.00, 1),
('IPC100368', 1980, '08', 0.088293, 0.00, 1),
('IPC100369', 1980, '09', 0.089879, 0.00, 1),
('IPC100370', 1980, '10', 0.092919, 0.00, 1),
('IPC100371', 1980, '11', 0.094240, 0.00, 1),
('IPC100372', 1980, '12', 0.096223, 0.00, 1),
('IPC100373', 1981, '01', 0.097545, 0.00, 1),
('IPC100374', 1981, '02', 0.097942, 0.00, 1),
('IPC100375', 1981, '03', 0.098338, 0.00, 1),
('IPC100376', 1981, '04', 0.098735, 0.00, 1),
('IPC100377', 1981, '05', 0.100057, 0.00, 1),
('IPC100378', 1981, '06', 0.101114, 0.00, 1),
('IPC100379', 1981, '07', 0.102304, 0.00, 1),
('IPC100380', 1981, '08', 0.102964, 0.00, 1),
('IPC100381', 1981, '09', 0.104154, 0.00, 1),
('IPC100382', 1981, '10', 0.104287, 0.00, 1),
('IPC100383', 1981, '11', 0.105344, 0.00, 1),
('IPC100384', 1981, '12', 0.106268, 0.00, 1),
('IPC100385', 1982, '01', 0.107459, 0.00, 1),
('IPC100386', 1982, '02', 0.107856, 0.00, 1),
('IPC100387', 1982, '03', 0.108120, 0.00, 1),
('IPC100388', 1982, '04', 0.108384, 0.00, 1),
('IPC100389', 1982, '05', 0.111556, 0.00, 1),
('IPC100390', 1982, '06', 0.111953, 0.00, 1),
('IPC100391', 1982, '07', 0.112482, 0.00, 1),
('IPC100392', 1982, '08', 0.112878, 0.00, 1),
('IPC100393', 1982, '09', 0.113539, 0.00, 1),
('IPC100394', 1982, '10', 0.113803, 0.00, 1),
('IPC100395', 1982, '11', 0.114332, 0.00, 1),
('IPC100396', 1982, '12', 0.114596, 0.00, 1),
('IPC100397', 1983, '01', 0.114596, 0.00, 1),
('IPC100398', 1983, '02', 0.114861, 0.00, 1),
('IPC100399', 1983, '03', 0.115918, 0.00, 1),
('IPC100400', 1983, '04', 0.116711, 0.00, 1),
('IPC100401', 1983, '05', 0.117239, 0.00, 1),
('IPC100402', 1983, '06', 0.117901, 0.00, 1),
('IPC100403', 1983, '07', 0.118561, 0.00, 1),
('IPC100404', 1983, '08', 0.119089, 0.00, 1),
('IPC100405', 1983, '09', 0.120544, 0.00, 1),
('IPC100406', 1983, '10', 0.121601, 0.00, 1),
('IPC100407', 1983, '11', 0.121865, 0.00, 1),
('IPC100408', 1983, '12', 0.122527, 0.00, 1),
('IPC100409', 1984, '01', 0.122658, 0.00, 1),
('IPC100410', 1984, '02', 0.123451, 0.00, 1),
('IPC100411', 1984, '03', 0.124906, 0.00, 1),
('IPC100412', 1984, '04', 0.127549, 0.00, 1),
('IPC100413', 1984, '05', 0.130193, 0.00, 1),
('IPC100414', 1984, '06', 0.131515, 0.00, 1),
('IPC100415', 1984, '07', 0.133232, 0.00, 1),
('IPC100416', 1984, '08', 0.134422, 0.00, 1),
('IPC100417', 1984, '09', 0.136934, 0.00, 1),
('IPC100418', 1984, '10', 0.138784, 0.00, 1),
('IPC100419', 1984, '11', 0.140767, 0.00, 1),
('IPC100420', 1984, '12', 0.141956, 0.00, 1),
('IPC100421', 1985, '01', 0.142881, 0.00, 1),
('IPC100422', 1985, '02', 0.143410, 0.00, 1),
('IPC100423', 1985, '03', 0.143410, 0.00, 1),
('IPC100424', 1985, '04', 0.145129, 0.00, 1),
('IPC100425', 1985, '05', 0.145393, 0.00, 1),
('IPC100426', 1985, '06', 0.145922, 0.00, 1),
('IPC100427', 1985, '07', 0.146979, 0.00, 1),
('IPC100428', 1985, '08', 0.147243, 0.00, 1),
('IPC100429', 1985, '09', 0.148433, 0.00, 1),
('IPC100430', 1985, '10', 0.150283, 0.00, 1),
('IPC100431', 1985, '11', 0.152795, 0.00, 1),
('IPC100432', 1985, '12', 0.154909, 0.00, 1),
('IPC100433', 1986, '01', 0.157685, 0.00, 1),
('IPC100434', 1986, '02', 0.157950, 0.00, 1),
('IPC100435', 1986, '03', 0.158081, 0.00, 1),
('IPC100436', 1986, '04', 0.159138, 0.00, 1),
('IPC100437', 1986, '05', 0.160193, 0.00, 1),
('IPC100438', 1986, '06', 0.162840, 0.00, 1),
('IPC100439', 1986, '07', 0.164426, 0.00, 1),
('IPC100440', 1986, '08', 0.165880, 0.00, 1),
('IPC100441', 1986, '09', 0.166805, 0.00, 1),
('IPC100442', 1986, '10', 0.170374, 0.00, 1),
('IPC100443', 1986, '11', 0.172754, 0.00, 1),
('IPC100444', 1986, '12', 0.174604, 0.00, 1),
('IPC100445', 1987, '01', 0.177908, 0.00, 1),
('IPC100446', 1987, '02', 0.182402, 0.00, 1),
('IPC100447', 1987, '03', 0.186632, 0.00, 1),
('IPC100448', 1987, '04', 0.191918, 0.00, 1),
('IPC100449', 1987, '05', 0.200113, 0.00, 1),
('IPC100450', 1987, '06', 0.208705, 0.00, 1),
('IPC100451', 1987, '07', 0.219807, 0.00, 1),
('IPC100452', 1987, '08', 0.221393, 0.00, 1),
('IPC100453', 1987, '09', 0.224566, 0.00, 1),
('IPC100454', 1987, '10', 0.230117, 0.00, 1),
('IPC100455', 1987, '11', 0.236726, 0.00, 1),
('IPC100456', 1987, '12', 0.240956, 0.00, 1),
('IPC100457', 1988, '01', 0.241220, 0.00, 1),
('IPC100458', 1988, '02', 0.244921, 0.00, 1),
('IPC100459', 1988, '03', 0.245847, 0.00, 1),
('IPC100460', 1988, '04', 0.245978, 0.00, 1),
('IPC100461', 1988, '05', 0.249283, 0.00, 1),
('IPC100462', 1988, '06', 0.261706, 0.00, 1),
('IPC100463', 1988, '07', 0.275056, 0.00, 1),
('IPC100464', 1988, '08', 0.281534, 0.00, 1),
('IPC100465', 1988, '09', 0.286291, 0.00, 1),
('IPC100466', 1988, '10', 0.298848, 0.00, 1),
('IPC100467', 1988, '11', 0.310745, 0.00, 1),
('IPC100468', 1988, '12', 0.331892, 0.00, 1),
('IPC100469', 1989, '01', 0.335592, 0.00, 1),
('IPC100470', 1989, '02', 0.346167, 0.00, 1),
('IPC100471', 1989, '03', 0.419789, 0.00, 1),
('IPC100472', 1989, '04', 0.476492, 0.00, 1),
('IPC100473', 1989, '05', 0.506760, 0.00, 1),
('IPC100474', 1989, '06', 0.523017, 0.00, 1),
('IPC100475', 1989, '07', 0.535971, 0.00, 1),
('IPC100476', 1989, '08', 0.547602, 0.00, 1),
('IPC100477', 1989, '09', 0.565578, 0.00, 1),
('IPC100478', 1989, '10', 0.582629, 0.00, 1),
('IPC100479', 1989, '11', 0.590427, 0.00, 1),
('IPC100480', 1989, '12', 0.600736, 0.00, 1),
('IPC100481', 1990, '01', 0.614879, 0.00, 1),
('IPC100482', 1990, '02', 0.626775, 0.00, 1),
('IPC100483', 1990, '03', 0.637878, 0.00, 1),
('IPC100484', 1990, '04', 0.654532, 0.00, 1),
('IPC100485', 1990, '05', 0.670789, 0.00, 1),
('IPC100486', 1990, '06', 0.689559, 0.00, 1),
('IPC100487', 1990, '07', 0.716390, 0.00, 1),
('IPC100488', 1990, '08', 0.738991, 0.00, 1),
('IPC100489', 1990, '09', 0.750359, 0.00, 1),
('IPC100490', 1990, '10', 0.770185, 0.00, 1),
('IPC100491', 1990, '11', 0.792391, 0.00, 1),
('IPC100492', 1990, '12', 0.819884, 0.00, 1),
('IPC100493', 1991, '01', 0.838916, 0.00, 1),
('IPC100494', 1991, '02', 0.853456, 0.00, 1),
('IPC100495', 1991, '03', 0.868127, 0.00, 1),
('IPC100496', 1991, '04', 0.892315, 0.00, 1),
('IPC100497', 1991, '05', 0.913464, 0.00, 1),
('IPC100498', 1991, '06', 0.930514, 0.00, 1),
('IPC100499', 1991, '07', 0.959725, 0.00, 1),
('IPC100500', 1991, '08', 0.982062, 0.00, 1),
('IPC100501', 1991, '09', 1.000435, 0.00, 1),
('IPC100502', 1991, '10', 1.022375, 0.00, 1),
('IPC100503', 1991, '11', 1.048546, 0.00, 1),
('IPC100504', 1991, '12', 1.074188, 0.00, 1),
('IPC100505', 1992, '01', 1.087935, 0.00, 1),
('IPC100506', 1992, '02', 1.116484, 0.00, 1),
('IPC100507', 1992, '03', 1.141202, 0.00, 1),
('IPC100508', 1992, '04', 1.166315, 0.00, 1),
('IPC100509', 1992, '05', 1.195922, 0.00, 1),
('IPC100510', 1992, '06', 1.227909, 0.00, 1),
('IPC100511', 1992, '07', 1.263463, 0.00, 1),
('IPC100512', 1992, '08', 1.292278, 0.00, 1),
('IPC100513', 1992, '09', 1.318845, 0.00, 1),
('IPC100514', 1992, '10', 1.350303, 0.00, 1),
('IPC100515', 1992, '11', 1.384271, 0.00, 1),
('IPC100516', 1992, '12', 1.416391, 0.00, 1),
('IPC100517', 1993, '01', 1.458421, 0.00, 1),
('IPC100518', 1993, '02', 1.496620, 0.00, 1),
('IPC100519', 1993, '03', 1.530986, 0.00, 1),
('IPC100520', 1993, '04', 1.574472, 0.00, 1),
('IPC100521', 1993, '05', 1.618090, 0.00, 1),
('IPC100522', 1993, '06', 1.669109, 0.00, 1),
('IPC100523', 1993, '07', 1.721055, 0.00, 1),
('IPC100524', 1993, '08', 1.774982, 0.00, 1),
('IPC100525', 1993, '09', 1.833800, 0.00, 1),
('IPC100526', 1993, '10', 1.925001, 0.00, 1),
('IPC100527', 1993, '11', 1.995185, 0.00, 1),
('IPC100528', 1993, '12', 2.067089, 0.00, 1),
('IPC100529', 1994, '01', 2.155911, 0.00, 1),
('IPC100530', 1994, '02', 2.196488, 0.00, 1),
('IPC100531', 1994, '03', 2.258346, 0.00, 1),
('IPC100532', 1994, '04', 2.332233, 0.00, 1),
('IPC100533', 1994, '05', 2.453041, 0.00, 1),
('IPC100534', 1994, '06', 2.674831, 0.00, 1),
('IPC100535', 1994, '07', 2.844148, 0.00, 1),
('IPC100536', 1994, '08', 2.992448, 0.00, 1),
('IPC100537', 1994, '09', 3.111802, 0.00, 1),
('IPC100538', 1994, '10', 3.271073, 0.00, 1),
('IPC100539', 1994, '11', 3.410915, 0.00, 1),
('IPC100540', 1994, '12', 3.531327, 0.00, 1),
('IPC100541', 1995, '01', 3.642221, 0.00, 1),
('IPC100542', 1995, '02', 3.728268, 0.00, 1),
('IPC100543', 1995, '03', 3.848548, 0.00, 1),
('IPC100544', 1995, '04', 4.004514, 0.00, 1),
('IPC100545', 1995, '05', 4.198944, 0.00, 1),
('IPC100546', 1995, '06', 4.312086, 0.00, 1),
('IPC100547', 1995, '07', 4.431175, 0.00, 1),
('IPC100548', 1995, '08', 4.569563, 0.00, 1),
('IPC100549', 1995, '09', 4.722490, 0.00, 1),
('IPC100550', 1995, '10', 4.941109, 0.00, 1),
('IPC100551', 1995, '11', 5.216958, 0.00, 1),
('IPC100552', 1995, '12', 5.530610, 0.00, 1),
('IPC100553', 1996, '01', 5.979345, 0.00, 1),
('IPC100554', 1996, '02', 6.456101, 0.00, 1),
('IPC100555', 1996, '03', 6.854610, 0.00, 1),
('IPC100556', 1996, '04', 7.440807, 0.00, 1),
('IPC100557', 1996, '05', 8.377665, 0.00, 1),
('IPC100558', 1996, '06', 8.974701, 0.00, 1),
('IPC100559', 1996, '07', 9.422114, 0.00, 1),
('IPC100560', 1996, '08', 9.809917, 0.00, 1),
('IPC100561', 1996, '09', 10.161766, 0.00, 1),
('IPC100562', 1996, '10', 10.593055, 0.00, 1),
('IPC100563', 1996, '11', 10.916223, 0.00, 1),
('IPC100564', 1996, '12', 11.240582, 0.00, 1),
('IPC100565', 1997, '01', 11.535332, 0.00, 1),
('IPC100566', 1997, '02', 11.799815, 0.00, 1),
('IPC100567', 1997, '03', 11.982746, 0.00, 1),
('IPC100568', 1997, '04', 12.266923, 0.00, 1),
('IPC100569', 1997, '05', 12.650231, 0.00, 1),
('IPC100570', 1997, '06', 12.882595, 0.00, 1),
('IPC100571', 1997, '07', 13.239733, 0.00, 1),
('IPC100572', 1997, '08', 13.673665, 0.00, 1),
('IPC100573', 1997, '09', 14.135088, 0.00, 1),
('IPC100574', 1997, '10', 14.667886, 0.00, 1),
('IPC100575', 1997, '11', 15.080935, 0.00, 1),
('IPC100576', 1997, '12', 15.468075, 0.00, 1),
('IPC100577', 1998, '01', 15.778951, 0.00, 1),
('IPC100578', 1998, '02', 16.129481, 0.00, 1),
('IPC100579', 1998, '03', 16.566717, 0.00, 1),
('IPC100580', 1998, '04', 17.123571, 0.00, 1),
('IPC100581', 1998, '05', 17.677120, 0.00, 1),
('IPC100582', 1998, '06', 17.907899, 0.00, 1),
('IPC100583', 1998, '07', 18.277858, 0.00, 1),
('IPC100584', 1998, '08', 18.656804, 0.00, 1),
('IPC100585', 1998, '09', 18.988829, 0.00, 1),
('IPC100586', 1998, '10', 19.455274, 0.00, 1),
('IPC100587', 1998, '11', 19.757031, 0.00, 1),
('IPC100588', 1998, '12', 20.093946, 0.00, 1),
('IPC100589', 1999, '01', 20.540699, 0.00, 1),
('IPC100590', 1999, '02', 20.880521, 0.00, 1),
('IPC100591', 1999, '03', 21.140773, 0.00, 1),
('IPC100592', 1999, '04', 21.383712, 0.00, 1),
('IPC100593', 1999, '05', 21.809052, 0.00, 1),
('IPC100594', 1999, '06', 22.132749, 0.00, 1),
('IPC100595', 1999, '07', 22.489093, 0.00, 1),
('IPC100596', 1999, '08', 22.816095, 0.00, 1),
('IPC100597', 1999, '09', 23.011583, 0.00, 1),
('IPC100598', 1999, '10', 23.377179, 0.00, 1),
('IPC100599', 1999, '11', 23.722025, 0.00, 1),
('IPC100600', 1999, '12', 24.118418, 0.00, 1),
('IPC100601', 2000, '01', 24.525537, 0.00, 1),
('IPC100602', 2000, '02', 24.622904, 0.00, 1),
('IPC100603', 2000, '03', 24.848696, 0.00, 1),
('IPC100604', 2000, '04', 25.231863, 0.00, 1),
('IPC100605', 2000, '05', 25.484433, 0.00, 1),
('IPC100606', 2000, '06', 25.763997, 0.00, 1),
('IPC100607', 2000, '07', 26.029623, 0.00, 1),
('IPC100608', 2000, '08', 26.228750, 0.00, 1),
('IPC100609', 2000, '09', 26.680409, 0.00, 1),
('IPC100610', 2000, '10', 26.906126, 0.00, 1),
('IPC100611', 2000, '11', 27.078864, 0.00, 1),
('IPC100612', 2000, '12', 27.357775, 0.00, 1),
('IPC100613', 2001, '01', 27.610015, 0.00, 1),
('IPC100614', 2001, '02', 27.742819, 0.00, 1),
('IPC100615', 2001, '03', 27.955329, 0.00, 1),
('IPC100616', 2001, '04', 28.274020, 0.00, 1),
('IPC100617', 2001, '05', 28.698979, 0.00, 1),
('IPC100618', 2001, '06', 28.977933, 0.00, 1),
('IPC100619', 2001, '07', 29.416079, 0.00, 1),
('IPC100620', 2001, '08', 29.601988, 0.00, 1),
('IPC100621', 2001, '09', 29.960468, 0.00, 1),
('IPC100622', 2001, '10', 30.226217, 0.00, 1),
('IPC100623', 2001, '11', 30.518505, 0.00, 1),
('IPC100624', 2001, '12', 30.717791, 0.00, 1),
('IPC100625', 2002, '01', 30.996708, 0.00, 1),
('IPC100626', 2002, '02', 31.554339, 0.00, 1),
('IPC100627', 2002, '03', 32.882461, 0.00, 1),
('IPC100628', 2002, '04', 33.572992, 0.00, 1),
('IPC100629', 2002, '05', 33.958074, 0.00, 1),
('IPC100630', 2002, '06', 34.648782, 0.00, 1),
('IPC100631', 2002, '07', 35.897178, 0.00, 1),
('IPC100632', 2002, '08', 36.760505, 0.00, 1),
('IPC100633', 2002, '09', 38.407376, 0.00, 1),
('IPC100634', 2002, '10', 39.270773, 0.00, 1),
('IPC100635', 2002, '11', 39.894786, 0.00, 1),
('IPC100636', 2002, '12', 40.306499, 0.00, 1),
('IPC100637', 2003, '01', 41.474985, 0.00, 1),
('IPC100638', 2003, '02', 43.759427, 0.00, 1),
('IPC100639', 2003, '03', 44.091561, 0.00, 1),
('IPC100640', 2003, '04', 44.822158, 0.00, 1),
('IPC100641', 2003, '05', 45.857999, 0.00, 1),
('IPC100642', 2003, '06', 46.495425, 0.00, 1),
('IPC100643', 2003, '07', 47.331878, 0.00, 1),
('IPC100644', 2003, '08', 47.929680, 0.00, 1),
('IPC100645', 2003, '09', 48.620346, 0.00, 1),
('IPC100646', 2003, '10', 49.364237, 0.00, 1),
('IPC100647', 2003, '11', 50.293766, 0.00, 1),
('IPC100648', 2003, '12', 51.223194, 0.00, 1),
('IPC100649', 2004, '01', 52.511457, 0.00, 1),
('IPC100650', 2004, '02', 53.334836, 0.00, 1),
('IPC100651', 2004, '03', 54.476736, 0.00, 1),
('IPC100652', 2004, '04', 55.193650, 0.00, 1),
('IPC100653', 2004, '05', 55.844383, 0.00, 1),
('IPC100654', 2004, '06', 56.880297, 0.00, 1),
('IPC100655', 2004, '07', 57.664107, 0.00, 1),
('IPC100656', 2004, '08', 58.434499, 0.00, 1),
('IPC100657', 2004, '09', 58.740111, 0.00, 1),
('IPC100658', 2004, '10', 59.098426, 0.00, 1),
('IPC100659', 2004, '11', 60.094235, 0.00, 1),
('IPC100660', 2004, '12', 61.050334, 0.00, 1),
('IPC100661', 2005, '01', 62.218837, 0.00, 1),
('IPC100662', 2005, '02', 62.325231, 0.00, 1),
('IPC100663', 2005, '03', 63.082483, 0.00, 1),
('IPC100664', 2005, '04', 63.919588, 0.00, 1),
('IPC100665', 2005, '05', 65.539950, 0.00, 1),
('IPC100666', 2005, '06', 65.911561, 0.00, 1),
('IPC100667', 2005, '07', 66.482355, 0.00, 1),
('IPC100668', 2005, '08', 67.119920, 0.00, 1),
('IPC100669', 2005, '09', 68.115980, 0.00, 1),
('IPC100670', 2005, '10', 68.541023, 0.00, 1),
('IPC100671', 2005, '11', 69.271671, 0.00, 1),
('IPC100672', 2005, '12', 69.816147, 0.00, 1),
('IPC100673', 2006, '01', 70.107423, 0.00, 1),
('IPC100674', 2006, '02', 70.360015, 0.00, 1),
('IPC100675', 2006, '03', 70.744699, 0.00, 1),
('IPC100676', 2006, '04', 71.183316, 0.00, 1),
('IPC100677', 2006, '05', 72.338622, 0.00, 1),
('IPC100678', 2006, '06', 73.679780, 0.00, 1),
('IPC100679', 2006, '07', 75.445884, 0.00, 1),
('IPC100680', 2006, '08', 77.105694, 0.00, 1),
('IPC100681', 2006, '09', 78.566847, 0.00, 1),
('IPC100682', 2006, '10', 79.151385, 0.00, 1),
('IPC100683', 2006, '11', 80.187476, 0.00, 1),
('IPC100684', 2006, '12', 81.661322, 0.00, 1),
('IPC100685', 2007, '01', 83.294549, 0.00, 1),
('IPC100686', 2007, '02', 83.812531, 0.00, 1),
('IPC100687', 2007, '03', 84.436517, 0.00, 1),
('IPC100688', 2007, '04', 84.994287, 0.00, 1),
('IPC100689', 2007, '05', 86.468088, 0.00, 1),
('IPC100690', 2007, '06', 87.995114, 0.00, 1),
('IPC100691', 2007, '07', 88.433330, 0.00, 1),
('IPC100692', 2007, '08', 89.376030, 0.00, 1),
('IPC100693', 2007, '09', 90.557581, 0.00, 1),
('IPC100694', 2007, '10', 92.775336, 0.00, 1),
('IPC100695', 2007, '11', 96.812919, 0.00, 1),
('IPC100696', 2007, '12', 100.000000, 0.00, 1),
('IPC100697', 2008, '01', 103.100000, 1000.00, 1),
('IPC100698', 2008, '02', 105.300000, 0.00, 1),
('IPC100699', 2008, '03', 107.100000, 0.00, 1),
('IPC100700', 2008, '04', 108.900000, 0.00, 1),
('IPC100701', 2008, '05', 112.400000, 0.00, 1),
('IPC100702', 2008, '06', 115.100000, 0.00, 1),
('IPC100703', 2008, '07', 117.300000, 0.00, 1),
('IPC100704', 2008, '08', 119.400000, 0.00, 1),
('IPC100705', 2008, '09', 121.800000, 0.00, 1),
('IPC100706', 2008, '10', 124.700000, 0.00, 1),
('IPC100707', 2008, '11', 127.600000, 0.00, 1),
('IPC100708', 2008, '12', 130.900000, 0.00, 1),
('IPC100709', 2009, '01', 133.900000, 0.00, 1),
('IPC100710', 2009, '02', 135.600000, 0.00, 1),
('IPC100711', 2009, '03', 137.200000, 0.00, 1),
('IPC100712', 2009, '04', 139.700000, 0.00, 1),
('IPC100713', 2009, '05', 142.500000, 0.00, 1),
('IPC100714', 2009, '06', 145.000000, 0.00, 1),
('IPC100715', 2009, '07', 148.000000, 0.00, 1),
('IPC100716', 2009, '08', 151.300000, 0.00, 1),
('IPC100717', 2009, '09', 155.100000, 0.00, 1),
('IPC100718', 2009, '10', 158.000000, 0.00, 1),
('IPC100719', 2009, '11', 161.000000, 0.00, 1),
('IPC100720', 2009, '12', 163.700000, 0.00, 1),
('IPC100721', 2010, '01', 166.500000, 0.00, 1),
('IPC100722', 2010, '02', 169.100000, 0.00, 1),
('IPC100723', 2010, '03', 173.200000, 0.00, 1),
('IPC100724', 2010, '04', 182.200000, 0.00, 1),
('IPC100725', 2010, '05', 187.000000, 0.00, 1),
('IPC100726', 2010, '06', 190.400000, 0.00, 1),
('IPC100727', 2010, '07', 193.100000, 0.00, 1),
('IPC100728', 2010, '08', 196.200000, 0.00, 1),
('IPC100729', 2010, '09', 198.400000, 0.00, 1),
('IPC100730', 2010, '10', 201.400000, 0.00, 1),
('IPC100731', 2010, '11', 204.500000, 0.00, 1),
('IPC100732', 2010, '12', 208.200000, 0.00, 1),
('IPC100733', 2011, '01', 213.900000, 0.00, 1),
('IPC100734', 2011, '02', 217.600000, 0.00, 1),
('IPC100735', 2011, '03', 220.700000, 0.00, 1),
('IPC100736', 2011, '04', 223.900000, 0.00, 1),
('IPC100737', 2011, '05', 229.600000, 0.00, 1),
('IPC100738', 2011, '06', 235.300000, 0.00, 1),
('IPC100739', 2011, '07', 241.600000, 0.00, 1),
('IPC100740', 2011, '08', 246.900000, 0.00, 1),
('IPC100741', 2011, '09', 250.900000, 0.00, 1),
('IPC100742', 2011, '10', 255.500000, 0.00, 1),
('IPC100743', 2011, '11', 261.000000, 0.00, 1),
('IPC100744', 2011, '12', 265.600000, 0.00, 1),
('IPC100745', 2012, '01', 269.600000, 0.00, 1),
('IPC100746', 2012, '02', 272.600000, 0.00, 1),
('IPC100747', 2012, '03', 275.000000, 0.00, 1),
('IPC100748', 2012, '04', 277.200000, 0.00, 1),
('IPC100749', 2012, '05', 281.500000, 0.00, 1),
('IPC100750', 2012, '06', 285.500000, 0.00, 1),
('IPC100751', 2012, '07', 288.400000, 0.00, 1),
('IPC100752', 2012, '08', 291.500000, 0.00, 1),
('IPC100753', 2012, '09', 296.100000, 0.00, 1),
('IPC100754', 2012, '10', 301.200000, 0.00, 1),
('IPC100755', 2012, '11', 308.100000, 0.00, 1),
('IPC100756', 2012, '12', 318.900000, 0.00, 1),
('IPC100757', 2013, '01', 329.400000, 0.00, 1),
('IPC100758', 2013, '02', 334.800000, 0.00, 1),
('IPC100759', 2013, '03', 344.100000, 0.00, 1),
('IPC100760', 2013, '04', 358.800000, 0.00, 1),
('IPC100761', 2013, '05', 380.700000, 0.00, 1),
('IPC100762', 2013, '06', 398.600000, 0.00, 1),
('IPC100763', 2013, '07', 411.300000, 0.00, 1),
('IPC100764', 2013, '08', 423.700000, 0.00, 1),
('IPC100765', 2013, '09', 442.300000, 0.00, 1),
('IPC100766', 2013, '10', 464.900000, 0.00, 1),
('IPC100767', 2013, '11', 487.300000, 0.00, 1),
('IPC100768', 2013, '12', 498.100000, 0.00, 1),
('IPC100769', 2014, '01', 514.700000, 0.00, 1),
('IPC100770', 2014, '02', 526.800000, 0.00, 1),
('IPC100771', 2014, '03', 548.300000, 0.00, 1),
('IPC100772', 2014, '04', 579.400000, 0.00, 1),
('IPC100773', 2014, '05', 612.600000, 0.00, 1),
('IPC100774', 2014, '06', 639.700000, 0.00, 1),
('IPC100775', 2014, '07', 666.200000, 0.00, 1),
('IPC100776', 2014, '08', 692.400000, 0.00, 1),
('IPC100777', 2014, '09', 725.400000, 0.00, 1),
('IPC100778', 2014, '10', 761.800000, 0.00, 1),
('IPC100779', 2014, '11', 797.300000, 0.00, 1),
('IPC100780', 2014, '12', 839.500000, 0.00, 1),
('IPC100781', 2015, '01', 904.800000, 0.00, 1),
('IPC100782', 2015, '02', 949.100000, 0.00, 1),
('IPC100783', 2015, '03', 1000.200000, 0.00, 1),
('IPC100784', 2015, '04', 1063.800000, 0.00, 1),
('IPC100785', 2015, '05', 1148.800000, 0.00, 1),
('IPC100786', 2015, '06', 1261.600000, 0.00, 1),
('IPC100787', 2015, '07', 1397.500000, 0.00, 1),
('IPC100788', 2015, '08', 1570.800000, 0.00, 1),
('IPC100789', 2015, '09', 1752.100000, 0.00, 1),
('IPC100790', 2015, '10', 1951.300000, 0.00, 1),
('IPC100791', 2015, '11', 2168.500000, 0.00, 1),
('IPC100792', 2015, '12', 2357.900000, 0.00, 1),
('IPC100793', 2016, '01', 2576.500000, 0.00, 1),
('IPC100794', 2016, '02', 2801.100000, 0.00, 1),
('IPC100795', 2016, '03', 3096.200000, 0.00, 1),
('IPC100796', 2016, '04', 3541.600000, 0.00, 1),
('IPC100797', 2016, '05', 4195.900000, 0.00, 1),
('IPC100798', 2016, '06', 5001.500000, 0.00, 1),
('IPC100799', 2016, '07', 5437.100000, 0.00, 1),
('IPC100800', 2016, '08', 5825.700000, 0.00, 1),
('IPC100801', 2016, '09', 6364.400000, 0.00, 1),
('IPC100802', 2016, '10', 6873.900000, 0.00, 1),
('IPC100803', 2016, '11', 7668.900000, 0.00, 1),
('IPC100804', 2016, '12', 8826.900000, 0.00, 1),
('IPC100805', 2017, '01', 10378.100000, 0.00, 1),
('IPC100806', 2017, '02', 11697.200000, 0.00, 1),
('IPC100807', 2017, '03', 12910.100000, 0.00, 1),
('IPC100808', 2017, '04', 13975.900000, 0.00, 1),
('IPC100809', 2017, '05', 15610.400000, 0.00, 1),
('IPC100810', 2017, '06', 17537.800000, 0.00, 1),
('IPC100811', 2017, '07', 19938.200000, 0.00, 1),
('IPC100812', 2017, '08', 23736.300000, 0.00, 1),
('IPC100813', 2017, '09', 29921.900000, 0.00, 1),
('IPC100814', 2017, '10', 39473.900000, 0.00, 1),
('IPC100815', 2017, '11', 54611.000000, 0.00, 1),
('IPC100816', 2017, '12', 84970.300000, 0.00, 1),
('IPC100817', 2018, '01', 141060.900000, 100000.00, 1),
('IPC100818', 2018, '02', 204074.200000, 0.00, 1),
('IPC100819', 2018, '03', 287622.200000, 0.00, 1),
('IPC100820', 2018, '04', 448124.000000, 0.00, 1),
('IPC100821', 2018, '05', 942481.000000, 0.00, 1),
('IPC100822', 2018, '06', 1853869.600000, 0.00, 1),
('IPC100823', 2018, '07', 3362789.700000, 0.00, 1),
('IPC100824', 2018, '08', 5919047.900000, 0.00, 1),
('IPC100825', 2018, '09', 13479980.500000, 0.00, 1),
('IPC100826', 2018, '10', 25355573.700000, 0.00, 1),
('IPC100827', 2018, '11', 56589583.500000, 0.00, 1),
('IPC100828', 2018, '12', 110597550.200000, 0.00, 1),
('IPC100829', 2019, '01', 328067725.100000, 0.00, 1),
('IPC100830', 2019, '02', 703259098.200000, 0.00, 1),
('IPC100831', 2019, '03', 948197209.500000, 0.00, 1),
('IPC100832', 2019, '04', 1268517190.900000, 0.00, 1),
('IPC100833', 2019, '05', 1769365833.300000, 0.00, 1),
('IPC100834', 2019, '06', 2160431069.800000, 0.00, 1),
('IPC100835', 2019, '07', 2579165819.700000, 0.00, 1),
('IPC100836', 2019, '08', 3472176193.200000, 0.00, 1),
('IPC100837', 2019, '09', 5286006314.700000, 0.00, 1),
('IPC100838', 2019, '10', 6478423619.200000, 0.00, 1),
('IPC100839', 2019, '11', 8144026331.700000, 0.00, 1),
('IPC100840', 2019, '12', 10711919274.400000, 0.00, 1),
('IPC100841', 2020, '01', 17377625281.200000, 0.00, 1),
('IPC100842', 2020, '02', 21174462628.900000, 0.00, 1),
('IPC100843', 2020, '03', 23995112795.700000, 0.00, 1),
('IPC100844', 2020, '04', 30594008765.700000, 0.00, 1),
('IPC100845', 2020, '05', 42404519909.600000, 0.00, 1),
('IPC100846', 2020, '06', 53033212824.900000, 0.00, 1),
('IPC100847', 2020, '07', 63408630581.900000, 0.00, 1),
('IPC100848', 2020, '08', 79061685127.400000, 0.00, 1),
('IPC100849', 2020, '09', 101126220212.800000, 0.00, 1),
('IPC100850', 2020, '10', 131945447084.800000, 0.00, 1),
('IPC100851', 2020, '11', 184682722830.100000, 0.00, 1),
('IPC100852', 2020, '12', 327767509170.000000, 0.00, 1),
('IPC100853', 2021, '01', 480553055894.400000, 0.00, 1),
('IPC100854', 2021, '02', 643008821970.100000, 0.00, 1),
('IPC100855', 2021, '03', 746784015747.900000, 0.00, 1),
('IPC100856', 2021, '04', 930306187617.900000, 0.00, 1),
('IPC100857', 2021, '05', 1195582997017.200000, 0.00, 1),
('IPC100858', 2021, '06', 1383038455119.500000, 0.00, 1),
('IPC100859', 2021, '07', 1613383509819.700000, 0.00, 1),
('IPC100860', 2021, '08', 1932171957524.900000, 0.00, 1),
('IPC100861', 2021, '09', 2069027697276.400000, 0.00, 1),
('IPC100862', 2021, '10', 2210425050108.300000, 1000000.00, 1),
('IPC100863', 2021, '11', 2396255484070.900000, 0.00, 1),
('IPC100864', 2021, '12', 2577508248886.000000, 0.00, 1),
('IPC100865', 2022, '01', 2750974554036.000000, 0.00, 1),
('IPC100866', 2022, '02', 2832100793634.500000, 0.00, 1),
('IPC100867', 2022, '03', 2870702327451.800000, 0.00, 1),
('IPC100868', 2022, '04', 2997960561627.700000, 0.00, 1);

--
-- Disparadores `indice_precio`
--
DELIMITER $$
CREATE TRIGGER `trg_ipc` BEFORE INSERT ON `indice_precio` FOR EACH ROW BEGIN
  DECLARE next_id INT;

  SET next_id = IFNULL((select (cast(max(substr(id_ipc,4,20)) as UNSIGNED)) as  ultimo from indice_precio),100000);
  SET next_id = next_id + 1;
  SET NEW.id_ipc = CONCAT('IPC', LPAD(next_id, 6, '0'));

END
$$
DELIMITER ;

-- --------------------------------------------------------

--
-- Estructura de tabla para la tabla `mantenimiento`
--

CREATE TABLE `mantenimiento` (
  `id_mant` varchar(25) NOT NULL,
  `id_af` varchar(30) DEFAULT NULL,
  `id_resp` varchar(20) DEFAULT NULL,
  `tipo_mant` varchar(25) NOT NULL DEFAULT 'Reparacion',
  `fecha_fact` datetime NOT NULL,
  `nro_fact` varchar(20) NOT NULL,
  `proveedor` varchar(100) NOT NULL,
  `proveedor_rif` varchar(15) NOT NULL,
  `telefono_prov` varchar(25) NOT NULL,
  `banco` varchar(150) DEFAULT NULL,
  `tipo_doc` varchar(35) DEFAULT NULL,
  `numero_doc` varchar(20) DEFAULT NULL,
  `monto_fact` decimal(14,2) NOT NULL,
  `monto_iva` decimal(14,2) NOT NULL,
  `total_factura` decimal(14,2) NOT NULL,
  `unidad_tiempo` varchar(25) NOT NULL DEFAULT 'Hotas',
  `numero_tiempo` int(4) NOT NULL DEFAULT 0,
  `detalle` text NOT NULL,
  `si_traslado` tinyint(1) NOT NULL DEFAULT 0,
  `costo_traslado` decimal(14,2) NOT NULL,
  `imp_traslado` decimal(14,2) NOT NULL,
  `total_traslado` decimal(14,2) NOT NULL
) ENGINE=InnoDB DEFAULT CHARSET=utf8mb4 COLLATE=utf8mb4_general_ci;

--
-- Volcado de datos para la tabla `mantenimiento`
--

INSERT INTO `mantenimiento` (`id_mant`, `id_af`, `id_resp`, `tipo_mant`, `fecha_fact`, `nro_fact`, `proveedor`, `proveedor_rif`, `telefono_prov`, `banco`, `tipo_doc`, `numero_doc`, `monto_fact`, `monto_iva`, `total_factura`, `unidad_tiempo`, `numero_tiempo`, `detalle`, `si_traslado`, `costo_traslado`, `imp_traslado`, `total_traslado`) VALUES
('MANT1000001', 'ACTF100005', 'RESP100001', 'Reparaci贸n', '2022-04-01 00:00:00', '85692000', 'Electronica ciclo 21, C.A.', 'J-82505050-0', '', 'Banco Mercantil', 'Cheque', '9605200', 125.00, 12.00, 137.00, 'D铆as', 2, 'Problema de encendido del monitor.', 0, 0.00, 0.00, 0.00),
('MANT1000002', 'ACTF100006', 'RESP100004', 'Mejora', '2022-04-18 00:00:00', '', '7aeb33c8166e58106b6446c128811d5a', '', '', 'Banco Mercantil', 'Transferencia', '8504550', 4500.00, 585.00, 5085.00, 'Horas', 0, 'Se mejora el equipo de Contabilidad', 0, 0.00, 0.00, 0.00);

--
-- Disparadores `mantenimiento`
--
DELIMITER $$
CREATE TRIGGER `trg_mant` BEFORE INSERT ON `mantenimiento` FOR EACH ROW BEGIN
  DECLARE next_id INT;

  SET next_id = IFNULL((select (cast(max(substr(id_mant,5,20)) as UNSIGNED)) as  ultimo from mantenimiento),1000000);
  SET next_id = next_id + 1;
  SET NEW.id_mant = CONCAT('MANT', LPAD(next_id, 7, '0'));
  
  END
$$
DELIMITER ;

-- --------------------------------------------------------

--
-- Estructura de tabla para la tabla `opcion_menu`
--

CREATE TABLE `opcion_menu` (
  `id_opcion` varchar(20) NOT NULL,
  `nivel` int(1) NOT NULL,
  `orden` varchar(10) NOT NULL,
  `opcion` varchar(50) NOT NULL,
  `Grupo` varchar(15) NOT NULL,
  `ruta` varchar(50) NOT NULL,
  `icono` varchar(30) NOT NULL,
  `estatus` char(1) NOT NULL DEFAULT 'A'
) ENGINE=InnoDB DEFAULT CHARSET=utf8mb4 COLLATE=utf8mb4_general_ci;

--
-- Volcado de datos para la tabla `opcion_menu`
--

INSERT INTO `opcion_menu` (`id_opcion`, `nivel`, `orden`, `opcion`, `Grupo`, `ruta`, `icono`, `estatus`) VALUES
('OP1001', 1, '1010', 'PARAMETROS', 'PARAMETROS', '', 'not icono', 'A'),
('OP1002', 2, '1020', 'Tablas', 'PARAMETROS', '', 'fa fa-table', 'A'),
('OP1003', 3, '1030', 'Propiedad', 'PARAMETROS', 'app_propiedad', 'not icono', 'A'),
('OP1004', 3, '1040', 'Ubicaci贸n', 'PARAMETROS', 'app_ubicacion', 'not icono', 'A'),
('OP1005', 3, '1050', 'Responsable', 'PARAMETROS', 'app_responsable', 'not icono', 'A'),
('OP1006', 2, '1410', 'Bienes', 'PARAMETROS', '', 'fa fa-building', 'A'),
('OP1007', 3, '1420', 'Activo Fijo', 'PARAMETROS', 'app_activofijo', 'not icono', 'A'),
('OP1008', 2, '1210', 'Naturaleza', 'PARAMETROS', '', 'fa fa-sitemap', 'A'),
('OP1009', 3, '1220', 'Clasificaci贸n', 'PARAMETROS', 'app_clasificacion', 'not icono', 'A'),
('OP1010', 2, '1630', 'Ajustar', 'PARAMETROS', '', 'fa fa-balance-scale', 'A'),
('OP1011', 3, '1640', 'ndice de Precio', 'PARAMETROS', 'app_indicePrecio', 'not icono', 'A'),
('OP1012', 1, '2010', 'GESTIN', 'GESTIN', '', 'not icono', 'A'),
('OP1013', 2, '2020', 'Definir', 'GESTIN', '', 'fa fa-cogs', 'A'),
('OP1014', 3, '2030', 'Formula de Amortizaci贸n', 'GESTIN', 'app_tipo_amortiz', 'not icono', 'A'),
('OP1015', 2, '2210', 'Trasladar', 'GESTIN', '', 'fa fa-truck', 'A'),
('OP1016', 3, '2220', 'Crear Traslado', 'GESTIN', 'app_traslado', 'not icono', 'A'),
('OP1017', 3, '2230', 'Aprobar Traslado', 'GESTIN', 'app_aprob_traslado', 'not icono', 'A'),
('OP1018', 2, '2410', 'Mantenimiento', 'GESTIN', '', 'fa fa-wrench', 'A'),
('OP1019', 3, '2430', 'Mejoras', 'GESTIN', 'app_sel_activo_mej', 'not icono', 'A'),
('OP1020', 3, '2420', 'Reparaciones', 'GESTIN', 'app_sel_activo_rep', 'not icono', 'A'),
('OP1021', 2, '2610', 'Identificar', 'GESTIN', '', 'fa fa-barcode', 'A'),
('OP1022', 3, '2620', 'Generar Etiquetas', 'GESTIN', 'app_identificar', 'not icono', 'A'),
('OP1023', 2, '2810', 'Finalizar', 'GESTIN', '', 'fa fa-cubes', 'A'),
('OP1024', 3, '2820', 'Finiquitar Bien', 'GESTIN', 'app_finiquitar', 'not icono', 'A'),
('OP1025', 1, '3010', 'PROCESOS', 'PROCESOS', '', 'not icono', 'A'),
('OP1026', 2, '3210', 'Anal铆tico ', 'PROCESOS', '', 'fa fa-line-chart', 'A'),
('OP1027', 3, '3231', 'Resumen Contable', 'PROCESOS', 'app_resumen_contab', 'not icono', 'A'),
('OP1028', 3, '3230', 'Gastos de Activo Fijo', 'PROCESOS', 'app_gastos_af', 'snot icono', 'A'),
('OP1029', 2, '3020', 'Consulta', 'PROCESOS', '', 'fa fa-laptop', 'A'),
('OP1030', 3, '3040', 'Activo Fijo', 'PROCESOS', 'app_consulta', 'not icono', 'A'),
('OP1031', 3, '3060', 'Amortizaciones', 'PROCESOS', 'app_amortizaciones', 'not icono', 'A'),
('OP1032', 1, '4010', 'REPORTES', 'REPORTES', '', 'not icono', 'A'),
('OP1033', 2, '4020', 'Generar', 'REPORTES', '', 'fa fa-print', 'A'),
('OP1034', 3, '4030', 'Tabla de Amortizaci贸n', 'REPORTES', '', 'not icono', 'A'),
('OP1035', 3, '4040', 'Propiedades', 'REPORTES', '', 'not icono', 'A'),
('OP1036', 3, '4050', 'Ubicaciones', 'REPORTES', '', 'not icono', 'A'),
('OP1037', 3, '4060', 'Responsables', 'REPORTES', '', 'not icono', 'A'),
('OP1038', 3, '4070', 'Lista de IPC', 'REPORTES', '', 'not icono', 'A'),
('OP1039', 3, '4080', 'Activos Fijos', 'REPORTES', '', 'not icono', 'A'),
('OP1040', 3, '4090', 'Facturas', 'REPORTES', '', 'not icono', 'A'),
('OP1041', 3, '4100', 'Traslados', 'REPORTES', '', 'not icono', 'A');

--
-- Disparadores `opcion_menu`
--
DELIMITER $$
CREATE TRIGGER `trg_opcionm` BEFORE INSERT ON `opcion_menu` FOR EACH ROW BEGIN
    DECLARE next_id INT;

  SET next_id = IFNULL((select (cast(max(substr(id_opcion,3,20)) as UNSIGNED)) as  ultimo from opcion_menu),1000);
  SET next_id = next_id + 1;
  SET NEW.id_opcion = CONCAT('OP', LPAD(next_id, 4, '0'));
  END
$$
DELIMITER ;

-- --------------------------------------------------------

--
-- Estructura de tabla para la tabla `permiso_menu`
--

CREATE TABLE `permiso_menu` (
  `id_permiso` varchar(20) NOT NULL,
  `permiso` varchar(12) NOT NULL DEFAULT 'NotActivo',
  `id_opcion` varchar(20) DEFAULT NULL,
  `id_us` int(11) DEFAULT NULL
) ENGINE=InnoDB DEFAULT CHARSET=utf8mb4 COLLATE=utf8mb4_general_ci;

--
-- Volcado de datos para la tabla `permiso_menu`
--

INSERT INTO `permiso_menu` (`id_permiso`, `permiso`, `id_opcion`, `id_us`) VALUES
('PM1001', 'Activo', 'OP1001', 1),
('PM1002', 'Activo', 'OP1002', 1),
('PM1003', 'Activo', 'OP1003', 1),
('PM1004', 'Activo', 'OP1004', 1),
('PM1005', 'Activo', 'OP1005', 1),
('PM1006', 'Activo', 'OP1006', 1),
('PM1007', 'Activo', 'OP1007', 1),
('PM1008', 'Activo', 'OP1008', 1),
('PM1009', 'Activo', 'OP1009', 1),
('PM1010', 'Activo', 'OP1010', 1),
('PM1011', 'Activo', 'OP1011', 1),
('PM1012', 'Activo', 'OP1012', 1),
('PM1013', 'Activo', 'OP1013', 1),
('PM1014', 'Activo', 'OP1014', 1),
('PM1015', 'Activo', 'OP1015', 1),
('PM1016', 'Activo', 'OP1016', 1),
('PM1017', 'Activo', 'OP1017', 1),
('PM1018', 'Activo', 'OP1018', 1),
('PM1019', 'Activo', 'OP1019', 1),
('PM1020', 'Activo', 'OP1020', 1),
('PM1021', 'Activo', 'OP1021', 1),
('PM1022', 'Activo', 'OP1022', 1),
('PM1023', 'Activo', 'OP1023', 1),
('PM1024', 'Activo', 'OP1024', 1),
('PM1025', 'Activo', 'OP1025', 1),
('PM1026', 'Activo', 'OP1026', 1),
('PM1027', 'Activo', 'OP1027', 1),
('PM1028', 'Activo', 'OP1028', 1),
('PM1029', 'Activo', 'OP1029', 1),
('PM1030', 'Activo', 'OP1030', 1),
('PM1031', 'Activo', 'OP1031', 1),
('PM1032', 'Activo', 'OP1032', 1),
('PM1033', 'Activo', 'OP1033', 1),
('PM1034', 'Activo', 'OP1034', 1),
('PM1035', 'Activo', 'OP1035', 1),
('PM1036', 'Activo', 'OP1036', 1),
('PM1037', 'Activo', 'OP1037', 1),
('PM1038', 'Activo', 'OP1038', 1),
('PM1039', 'Activo', 'OP1039', 1),
('PM1040', 'Activo', 'OP1040', 1),
('PM1041', 'Activo', 'OP1041', 1);

--
-- Disparadores `permiso_menu`
--
DELIMITER $$
CREATE TRIGGER `trg_permm` BEFORE INSERT ON `permiso_menu` FOR EACH ROW BEGIN
  DECLARE next_id INT;

  SET next_id = IFNULL((select (cast(max(substr(id_permiso,3,20)) as UNSIGNED)) as  ultimo from permiso_menu),1000);
  SET next_id = next_id + 1;
  SET NEW.id_permiso = CONCAT('PM', LPAD(next_id, 4, '0'));

END
$$
DELIMITER ;

-- --------------------------------------------------------

--
-- Estructura de tabla para la tabla `propiedad`
--

CREATE TABLE `propiedad` (
  `id_propiedad` varchar(30) NOT NULL,
  `tipo` varchar(40) NOT NULL DEFAULT 'Oficina',
  `nombre` varchar(35) NOT NULL,
  `encargado` varchar(25) NOT NULL,
  `direccion` varchar(35) NOT NULL,
  `nota` varchar(35) NOT NULL,
  `telefono` varchar(15) NOT NULL,
  `movil` varchar(15) NOT NULL
) ENGINE=InnoDB DEFAULT CHARSET=utf8mb4 COLLATE=utf8mb4_general_ci;

--
-- Volcado de datos para la tabla `propiedad`
--

INSERT INTO `propiedad` (`id_propiedad`, `tipo`, `nombre`, `encargado`, `direccion`, `nota`, `telefono`, `movil`) VALUES
('PDA10001', 'Oficina', 'Prime Sert Asoc, S.A.', 'Juan Perez', 'Calle A', 'Calle B', '(0241) 878.71.7', '(0414) 574.71.7'),
('PDA10002', 'Local Comercial', 'Iban Comercial, C.A.', 'Sr. Alberto Jornar', 'En centro de valencia', 'No se tiene ninguna nota', '(0241) 878.52.5', '(0414) 522.22.2');

--
-- Disparadores `propiedad`
--
DELIMITER $$
CREATE TRIGGER `trg_propiedad` BEFORE INSERT ON `propiedad` FOR EACH ROW BEGIN
  DECLARE next_id INT;

  SET next_id = IFNULL((select (cast(max(substr(id_propiedad,4,20)) as UNSIGNED)) as  ultimo from propiedad),10000);
  SET next_id = next_id + 1;
  SET NEW.id_propiedad = CONCAT('PDA', LPAD(next_id, 5, '0'));

END
$$
DELIMITER ;

-- --------------------------------------------------------

--
-- Estructura de tabla para la tabla `responsable`
--

CREATE TABLE `responsable` (
  `id_resp` varchar(20) NOT NULL,
  `nombre` varchar(120) NOT NULL,
  `apellido` varchar(120) NOT NULL,
  `cargo` varchar(25) NOT NULL,
  `movil` varchar(25) NOT NULL,
  `telefono` varchar(25) NOT NULL,
  `fecha_reg` datetime NOT NULL,
  `estatus` varchar(25) NOT NULL DEFAULT 'Activo'
) ENGINE=InnoDB DEFAULT CHARSET=utf8mb4 COLLATE=utf8mb4_general_ci;

--
-- Volcado de datos para la tabla `responsable`
--

INSERT INTO `responsable` (`id_resp`, `nombre`, `apellido`, `cargo`, `movil`, `telefono`, `fecha_reg`, `estatus`) VALUES
('RESP100001', 'Juan Alberto', 'Ruiz Peralez', 'Ing. en Computaci贸n', '(0426) 445.66.52', '(0241) 878.52.22', '2022-06-02 17:07:53', 'Activo'),
('RESP100002', 'Armando Luis', 'Rosales Santiago', 'Contador', '(0414) 852.20.20', '(0241) 878.65.22', '2022-06-02 17:08:56', 'Activo'),
('RESP100003', 'Maria Arias', 'Medina', 'Gerente de Ventas', '(0414) 555.22.23', '(0241) 890.20.20', '2022-06-02 17:10:10', 'Activo'),
('RESP100004', 'Jos茅  Gregorio', 'Hern谩ndez', 'Ing. en Computaci贸n', '(0426) 441.16.49', '(0241) 878.55.55', '2022-06-27 18:43:17', 'Activo');

--
-- Disparadores `responsable`
--
DELIMITER $$
CREATE TRIGGER `trg_respon` BEFORE INSERT ON `responsable` FOR EACH ROW BEGIN
  DECLARE next_id INT;

  SET next_id = IFNULL((select (cast(max(substr(id_resp,5,25)) as UNSIGNED)) as  ultimo from responsable),100000);
  SET next_id = next_id + 1;
  SET NEW.id_resp = CONCAT('RESP', LPAD(next_id, 6, '0'));

END
$$
DELIMITER ;

-- --------------------------------------------------------

--
-- Estructura de tabla para la tabla `tipo_amortiz`
--

CREATE TABLE `tipo_amortiz` (
  `id_tipom` varchar(30) NOT NULL,
  `id_af` varchar(30) NOT NULL,
  `formula` varchar(30) NOT NULL DEFAULT 'MTODO DECRECIENTE ',
  `tiempo_estimado` int(4) NOT NULL,
  `valor_salvamento` decimal(12,2) NOT NULL,
  `observ` varchar(160) NOT NULL
) ENGINE=InnoDB DEFAULT CHARSET=utf8mb4 COLLATE=utf8mb4_general_ci;

--
-- Volcado de datos para la tabla `tipo_amortiz`
--

INSERT INTO `tipo_amortiz` (`id_tipom`, `id_af`, `formula`, `tiempo_estimado`, `valor_salvamento`, `observ`) VALUES
('TA100001', 'ACTF100001', 'MTODO DECRECIENTE', 5, 50000.00, 'No tiene ninguna'),
('TA100002', 'ACTF100002', 'MTODO CRECIENTE', 6, 0.00, ''),
('TA100003', 'ACTF100003', 'MTODO DECRECIENTE', 10, 0.00, 'Se considera hasta que deterior茅 la silla'),
('TA100004', 'ACTF100004', 'LINEA RECTA', 8, 0.00, ''),
('TA100005', 'ACTF100005', 'MTODO DECRECIENTE', 10, 25000.00, ''),
('TA100006', 'ACTF100006', 'MTODO DECRECIENTE', 12, 150000.00, ''),
('TA100007', 'ACTF100007', 'MTODO DECRECIENTE', 12, 180000.00, ''),
('TA100008', 'ACTF100008', 'MTODO CRECIENTE', 12, 0.00, '');

--
-- Disparadores `tipo_amortiz`
--
DELIMITER $$
CREATE TRIGGER `trg_tipom` BEFORE INSERT ON `tipo_amortiz` FOR EACH ROW BEGIN
  DECLARE next_id INT;

  SET next_id = IFNULL((select (cast(max(substr(id_tipom,3,20)) as UNSIGNED)) as  ultimo from tipo_amortiz),100000);
  SET next_id = next_id + 1;
  SET NEW.id_tipom = CONCAT('TA', LPAD(next_id, 6, '0'));
  
END
$$
DELIMITER ;

-- --------------------------------------------------------

--
-- Estructura de tabla para la tabla `traslado`
--

CREATE TABLE `traslado` (
  `id_traslado` varchar(18) NOT NULL,
  `id_af` varchar(30) NOT NULL,
  `email_user` varchar(120) DEFAULT NULL,
  `fecha_traslado` datetime NOT NULL,
  `tipo_traslado` varchar(2) NOT NULL,
  `tipo_des` varchar(100) DEFAULT NULL,
  `id_resp_emisor` varchar(20) NOT NULL DEFAULT ' ',
  `id_resp_destino` varchar(20) NOT NULL,
  `id_ubic_orig` varchar(20) NOT NULL DEFAULT ' ',
  `id_ubic_dest` varchar(20) NOT NULL DEFAULT ' ',
  `destino_externo` tinyint(1) NOT NULL DEFAULT 0,
  `destino_externo_ubic` text DEFAULT NULL,
  `destino_externo_info` text DEFAULT NULL,
  `fec_recep` datetime NOT NULL,
  `motivo` text NOT NULL DEFAULT ' ',
  `observ` text NOT NULL DEFAULT ' ',
  `estatus` varchar(15) NOT NULL DEFAULT ' '
) ENGINE=InnoDB DEFAULT CHARSET=utf8mb4 COLLATE=utf8mb4_general_ci;

--
-- Volcado de datos para la tabla `traslado`
--

INSERT INTO `traslado` (`id_traslado`, `id_af`, `email_user`, `fecha_traslado`, `tipo_traslado`, `tipo_des`, `id_resp_emisor`, `id_resp_destino`, `id_ubic_orig`, `id_ubic_dest`, `destino_externo`, `destino_externo_ubic`, `destino_externo_info`, `fec_recep`, `motivo`, `observ`, `estatus`) VALUES
('TRASL10001', 'ACTF100008', 'jgregoriohenator@gmail.com', '2022-04-30 00:00:00', '01', 'Trasladar Activo Fijo dentro de la propiedad y ubicaci贸n.', 'RESP100004', 'RESP100002', 'UB10002', 'UB10001', 0, 's/data', 'No aplica', '2022-06-27 18:57:48', 'Se recargado el cartucho de color de la impresora', 'Se enviara al departamento el d铆a lunes.', 'Aprobado');

--
-- Disparadores `traslado`
--
DELIMITER $$
CREATE TRIGGER `trg_traslado` BEFORE INSERT ON `traslado` FOR EACH ROW BEGIN
  DECLARE next_id INT;

  SET next_id = IFNULL((select (cast(max(substr(id_traslado,6,20)) as UNSIGNED)) as  ultimo from traslado),10000);
  SET next_id = next_id + 1;
  SET NEW.id_traslado = CONCAT('TRASL', LPAD(next_id, 5, '0'));
  
  END
$$
DELIMITER ;

-- --------------------------------------------------------

--
-- Estructura de tabla para la tabla `ubicacion`
--

CREATE TABLE `ubicacion` (
  `id_ubic` varchar(20) NOT NULL,
  `id_propiedad` varchar(30) NOT NULL,
  `ubicacion` varchar(100) NOT NULL,
  `nota` varchar(150) NOT NULL
) ENGINE=InnoDB DEFAULT CHARSET=utf8mb4 COLLATE=utf8mb4_general_ci;

--
-- Volcado de datos para la tabla `ubicacion`
--

INSERT INTO `ubicacion` (`id_ubic`, `id_propiedad`, `ubicacion`, `nota`) VALUES
('UB10001', 'PDA10001', 'Dpto. de Contabilidad', 'Se encuentra en el piso 3'),
('UB10002', 'PDA10001', 'Dpto. de Computaci贸n', 'Se encuentra en el piso de Abajo'),
('UB10003', 'PDA10001', 'Dpto. de Ventas', 'Se encuentra en la planta superior'),
('UB10004', 'PDA10002', 'Almacen Principal', 'Encargado el Sr. Lopez'),
('UB10005', 'PDA10002', 'Area Comercial', 'Area de Ventas y Mercancias'),
('UB10006', 'PDA10001', 'Dpto. de Compras', 'Ninguna');

--
-- Disparadores `ubicacion`
--
DELIMITER $$
CREATE TRIGGER `tgr_ubic` BEFORE INSERT ON `ubicacion` FOR EACH ROW BEGIN
  DECLARE next_id INT;

  SET next_id = IFNULL((select (cast(max(substr(id_ubic,3,20)) as UNSIGNED)) as  ultimo from ubicacion),10000);
  SET next_id = next_id + 1;
  SET NEW.id_ubic = CONCAT('UB', LPAD(next_id, 5, '0'));

END
$$
DELIMITER ;

-- --------------------------------------------------------

--
-- Estructura de tabla para la tabla `usuario`
--

CREATE TABLE `usuario` (
  `id_us` int(11) NOT NULL,
  `password` varchar(150) NOT NULL,
  `email` varchar(160) NOT NULL,
  `first_name` varchar(120) NOT NULL,
  `last_name` varchar(120) NOT NULL,
  `telf_movil` varchar(20) NOT NULL,
  `telf_local` varchar(20) NOT NULL,
  `photo` varchar(200) DEFAULT NULL,
  `create_at` datetime DEFAULT NULL,
  `update_at` datetime DEFAULT NULL,
  `roles` text NOT NULL,
  `status` varchar(25) NOT NULL
) ENGINE=InnoDB DEFAULT CHARSET=utf8mb4 COLLATE=utf8mb4_general_ci;

--
-- Volcado de datos para la tabla `usuario`
--

INSERT INTO `usuario` (`id_us`, `password`, `email`, `first_name`, `last_name`, `telf_movil`, `telf_local`, `photo`, `create_at`, `update_at`, `roles`, `status`) VALUES
(1, '$2y$13$H4oJ0GWFgsFfupNqVsJmfeooHfo68JA.jQkugSUTarBusxZuExRZS', 'admin@system.com', 'Administrator', 'System', '(0426) 999.99.88', '(0212) 888.88.88', '/icons/usuario.png', '2022-05-01 00:00:00', '2022-05-01 00:00:00', '{\"ROLE\":\"ROLE_USER\"}', '\'Activo\'');

--
-- ndices para tablas volcadas
--

--
-- Indices de la tabla `activofijo`
--
ALTER TABLE `activofijo`
  ADD PRIMARY KEY (`id_af`),
  ADD KEY `ix_id_clase` (`id_clase`),
  ADD KEY `ubic_af` (`id_ubic`);

--
-- Indices de la tabla `amortizaciones`
--
ALTER TABLE `amortizaciones`
  ADD PRIMARY KEY (`id_amortiz`),
  ADD KEY `ix_activf_amortiz` (`id_af`);

--
-- Indices de la tabla `clasificacion`
--
ALTER TABLE `clasificacion`
  ADD PRIMARY KEY (`id_clase`);

--
-- Indices de la tabla `fact_mejora`
--
ALTER TABLE `fact_mejora`
  ADD PRIMARY KEY (`id_det`),
  ADD KEY `ix_id_mant_i` (`id_mant`);

--
-- Indices de la tabla `fact_mejoratmp`
--
ALTER TABLE `fact_mejoratmp`
  ADD PRIMARY KEY (`id_det`);

--
-- Indices de la tabla `finiquito`
--
ALTER TABLE `finiquito`
  ADD PRIMARY KEY (`id_fin`),
  ADD KEY `IX_Relationship2` (`id_af`);

--
-- Indices de la tabla `indice_precio`
--
ALTER TABLE `indice_precio`
  ADD PRIMARY KEY (`id_ipc`);

--
-- Indices de la tabla `mantenimiento`
--
ALTER TABLE `mantenimiento`
  ADD PRIMARY KEY (`id_mant`),
  ADD KEY `ix_resp_m` (`id_resp`),
  ADD KEY `ix_af_m` (`id_af`);

--
-- Indices de la tabla `opcion_menu`
--
ALTER TABLE `opcion_menu`
  ADD PRIMARY KEY (`id_opcion`),
  ADD UNIQUE KEY `idx_orden_nive帽` (`orden`,`nivel`);

--
-- Indices de la tabla `permiso_menu`
--
ALTER TABLE `permiso_menu`
  ADD PRIMARY KEY (`id_permiso`),
  ADD KEY `ix_id_opcion_pm` (`id_opcion`),
  ADD KEY `ix_idus_pm` (`id_us`);

--
-- Indices de la tabla `propiedad`
--
ALTER TABLE `propiedad`
  ADD PRIMARY KEY (`id_propiedad`);

--
-- Indices de la tabla `responsable`
--
ALTER TABLE `responsable`
  ADD PRIMARY KEY (`id_resp`);

--
-- Indices de la tabla `tipo_amortiz`
--
ALTER TABLE `tipo_amortiz`
  ADD PRIMARY KEY (`id_tipom`),
  ADD UNIQUE KEY `ix_activf_tipa` (`id_af`);

--
-- Indices de la tabla `traslado`
--
ALTER TABLE `traslado`
  ADD PRIMARY KEY (`id_traslado`),
  ADD KEY `af_tra` (`id_af`);

--
-- Indices de la tabla `ubicacion`
--
ALTER TABLE `ubicacion`
  ADD PRIMARY KEY (`id_ubic`),
  ADD KEY `prop_ubic` (`id_propiedad`);

--
-- Indices de la tabla `usuario`
--
ALTER TABLE `usuario`
  ADD PRIMARY KEY (`id_us`);

--
-- AUTO_INCREMENT de las tablas volcadas
--

--
-- AUTO_INCREMENT de la tabla `usuario`
--
ALTER TABLE `usuario`
  MODIFY `id_us` int(11) NOT NULL AUTO_INCREMENT, AUTO_INCREMENT=2;

--
-- Restricciones para tablas volcadas
--

--
-- Filtros para la tabla `activofijo`
--
ALTER TABLE `activofijo`
  ADD CONSTRAINT `clase_actf` FOREIGN KEY (`id_clase`) REFERENCES `clasificacion` (`id_clase`) ON DELETE CASCADE ON UPDATE CASCADE,
  ADD CONSTRAINT `ubic_af` FOREIGN KEY (`id_ubic`) REFERENCES `ubicacion` (`id_ubic`) ON DELETE CASCADE ON UPDATE CASCADE;

--
-- Filtros para la tabla `amortizaciones`
--
ALTER TABLE `amortizaciones`
  ADD CONSTRAINT `rlt_activf_amortiz` FOREIGN KEY (`id_af`) REFERENCES `activofijo` (`id_af`) ON DELETE CASCADE ON UPDATE CASCADE;

--
-- Filtros para la tabla `fact_mejora`
--
ALTER TABLE `fact_mejora`
  ADD CONSTRAINT `rel_mant_detmej` FOREIGN KEY (`id_mant`) REFERENCES `mantenimiento` (`id_mant`);

--
-- Filtros para la tabla `finiquito`
--
ALTER TABLE `finiquito`
  ADD CONSTRAINT `rel_activof_finiquito` FOREIGN KEY (`id_af`) REFERENCES `activofijo` (`id_af`) ON DELETE CASCADE ON UPDATE CASCADE;

--
-- Filtros para la tabla `mantenimiento`
--
ALTER TABLE `mantenimiento`
  ADD CONSTRAINT `actvf_resp` FOREIGN KEY (`id_af`) REFERENCES `activofijo` (`id_af`),
  ADD CONSTRAINT `resp_mant` FOREIGN KEY (`id_resp`) REFERENCES `responsable` (`id_resp`);

--
-- Filtros para la tabla `permiso_menu`
--
ALTER TABLE `permiso_menu`
  ADD CONSTRAINT `opcion_permm` FOREIGN KEY (`id_opcion`) REFERENCES `opcion_menu` (`id_opcion`),
  ADD CONSTRAINT `user_permm` FOREIGN KEY (`id_us`) REFERENCES `usuario` (`id_us`) ON DELETE CASCADE ON UPDATE CASCADE;

--
-- Filtros para la tabla `tipo_amortiz`
--
ALTER TABLE `tipo_amortiz`
  ADD CONSTRAINT `rlc_activf_tipoa` FOREIGN KEY (`id_af`) REFERENCES `activofijo` (`id_af`) ON DELETE CASCADE ON UPDATE CASCADE;

--
-- Filtros para la tabla `traslado`
--
ALTER TABLE `traslado`
  ADD CONSTRAINT `af_tra` FOREIGN KEY (`id_af`) REFERENCES `activofijo` (`id_af`) ON DELETE NO ACTION ON UPDATE NO ACTION;

--
-- Filtros para la tabla `ubicacion`
--
ALTER TABLE `ubicacion`
  ADD CONSTRAINT `prop_ubic` FOREIGN KEY (`id_propiedad`) REFERENCES `propiedad` (`id_propiedad`) ON DELETE CASCADE ON UPDATE CASCADE;
COMMIT;

/*!40101 SET CHARACTER_SET_CLIENT=@OLD_CHARACTER_SET_CLIENT */;
/*!40101 SET CHARACTER_SET_RESULTS=@OLD_CHARACTER_SET_RESULTS */;
/*!40101 SET COLLATION_CONNECTION=@OLD_COLLATION_CONNECTION */;
